Time,HR (bpm),RR (bpm)
1,60,18
2,62,18
3,62,18
4,62,18
5,62,18
6,62,18
7,62,18
8,61,18
9,61,19
10,61,19
11,61,19
12,61,19
13,61,19
14,61,19
15,61,19
16,62,19
17,62,19
18,62,19
19,62,19
20,62,19
21,62,19
22,62,19
23,62,19
24,62,19
25,62,19
26,62,19
27,62,19
28,62,19
29,62,19
30,62,19
31,62,19
32,63,19
33,63,19
34,63,19
35,63,19
36,63,19
37,63,19
38,63,19
39,63,19
40,63,20
41,63,20
42,63,20
43,63,20
44,63,20
45,63,20
46,63,20
47,63,20
48,63,20
49,63,19
50,62,19
51,62,19
52,62,19
53,62,19
54,62,19
55,62,19
56,62,19
57,62,19
58,62,19
59,62,19
60,62,19
61,62,19
62,62,19
63,62,19
64,62,19
65,62,19
66,61,19
67,61,19
68,61,19
69,61,19
70,61,19
71,61,19
72,62,19
73,62,19
74,61,19
75,61,19
76,61,19
77,61,19
78,62,19
79,62,19
80,62,19
81,62,19
82,62,18
83,62,18
84,62,18
85,62,18
86,62,18
87,62,19
88,62,19
89,62,19
90,62,19
91,62,19
92,69,19
93,69,19
94,70,19
95,70,18
96,70,18
97,70,18
98,70,18
99,70,18
100,66,18
101,66,18
102,65,18
103,65,18
104,62,18
105,62,18
106,62,18
107,62,18
108,61,18
109,61,18
110,62,18
111,62,18
112,62,19
113,62,19
114,62,19
115,62,19
116,62,19
117,62,19
118,62,20
119,62,20
120,62,20
121,62,19
122,62,19
123,62,20
124,61,20
125,61,20
126,61,20
127,61,20
128,60,20
129,60,20
130,60,20
131,60,20
132,61,20
133,61,20
134,62,20
135,62,20
136,62,18
137,62,18
138,63,18
139,63,18
140,63,18
141,63,18
142,62,18
143,62,18
144,61,18
145,61,18
146,60,18
147,60,18
148,60,18
149,60,18
150,60,18
151,60,18
152,59,18
153,59,18
154,59,18
155,59,18
156,59,18
157,59,18
158,59,18
159,59,18
160,61,18
161,61,18
162,61,18
163,61,18
164,62,18
165,62,18
166,62,18
167,62,18
168,61,18
169,61,18
170,61,18
171,61,18
172,61,18
173,61,18
174,61,18
175,61,17
176,60,17
177,60,17
178,60,17
179,60,17
180,60,17
181,60,17
182,60,17
183,60,17
184,61,18
185,61,18
186,61,19
187,61,19
188,61,19
189,61,19
190,61,19
191,61,19
192,61,19
193,61,20
194,61,20
195,61,20
196,61,20
197,61,20
198,61,20
199,61,20
200,61,20
201,61,20
202,61,20
203,61,20
204,60,20
205,60,20
206,60,20
207,60,20
208,60,20
209,60,20
210,60,20
211,60,20
212,60,20
213,60,20
214,60,20
215,60,20
216,59,20
217,59,20
218,59,20
219,59,20
220,59,20
221,59,20
222,59,20
223,59,20
224,59,20
225,59,20
226,59,20
227,59,20
228,59,20
229,59,20
230,59,20
231,59,20
232,59,19
233,59,19
234,59,19
235,59,20
236,61,20
237,61,20
238,61,20
239,61,20
240,61,20
241,61,20
242,60,20
243,60,20
244,60,20
245,60,19
246,60,19
247,60,19
248,59,19
249,59,19
250,59,19
251,59,19
252,59,19
253,59,19
254,59,19
255,59,19
256,59,19
257,59,19
258,58,19
259,58,19
260,58,19
261,58,19
262,58,19
263,58,19
264,58,19
265,58,19
266,58,19
267,58,19
268,57,19
269,57,19
270,57,19
271,57,19
272,57,19
273,57,19
274,58,19
275,58,19
276,58,19
277,58,19
278,59,19
279,59,19
280,59,19
281,59,18
282,60,18
283,60,19
284,60,19
285,60,19
286,60,19
287,60,19
288,60,19
289,60,19
290,62,19
291,62,19
292,62,19
293,62,19
294,62,19
295,62,19
296,61,19
297,61,19
298,61,19
299,61,19
300,61,19
301,61,19
302,60,19
303,60,19
304,61,19
305,61,18
306,60,18
307,60,18
308,59,18
309,59,19
310,59,19
311,59,19
312,59,19
313,59,19
314,60,19
315,60,19
316,60,19
317,60,19
318,60,19
319,60,18
320,61,18
321,61,18
322,63,18
323,63,18
324,63,18
325,63,18
326,63,18
327,63,18
328,64,18
329,64,19
330,64,19
331,64,18
332,63,18
333,63,18
334,63,18
335,63,18
336,63,18
337,63,18
338,63,18
339,63,18
340,64,18
341,64,18
342,74,18
343,74,18
344,78,18
345,78,18
346,78,19
347,78,19
348,78,19
349,78,19
350,74,19
351,74,19
352,71,18
353,71,18
354,68,18
355,68,18
356,65,18
357,65,17
358,63,17
359,63,17
360,61,17
361,61,17
362,61,17
363,61,17
364,60,17
365,60,17
366,60,17
367,60,17
368,59,17
369,59,17
370,59,17
371,59,17
372,59,17
373,59,17
374,59,17
375,59,17
376,59,17
377,59,17
378,60,17
379,60,17
380,60,17
381,60,17
382,60,17
383,60,17
384,60,17
385,60,17
386,61,17
387,61,17
388,61,17
389,61,17
390,61,17
391,61,17
392,62,17
393,62,17
394,62,17
395,62,17
396,62,17
397,62,17
398,62,16
399,62,16
400,62,16
401,62,16
402,60,16
403,60,16
404,59,17
405,59,17
406,59,17
407,59,18
408,58,18
409,58,18
410,58,18
411,58,17
412,58,17
413,58,17
414,58,17
415,58,17
416,58,17
417,58,17
418,58,17
419,58,17
420,58,17
421,58,17
422,58,17
423,58,17
424,59,17
425,59,18
426,59,18
427,59,18
428,59,18
429,59,17
430,59,17
431,59,17
432,59,17
433,59,17
434,60,17
435,60,17
436,61,17
437,61,17
438,61,17
439,61,18
440,61,18
441,61,18
442,61,18
443,61,18
444,61,18
445,61,18
446,61,17
447,61,17
448,61,17
449,61,18
450,61,18
451,61,18
452,61,18
453,61,18
454,61,18
455,61,18
456,61,18
457,61,18
458,61,17
459,61,17
460,61,17
461,61,18
462,62,18
463,62,18
464,62,18
465,62,18
466,63,18
467,63,19
468,63,19
469,63,19
470,63,19
471,63,19
472,63,19
473,63,19
474,63,18
475,63,18
476,63,18
477,63,19
478,62,19
479,62,19
480,60,19
481,60,19
482,60,19
483,60,19
484,60,19
485,60,19
486,59,19
487,59,19
488,59,19
489,59,19
490,59,18
491,59,18
492,59,18
493,59,19
494,59,19
495,59,19
496,59,19
497,59,19
498,60,19
499,60,19
500,60,19
501,60,19
502,60,19
503,60,19
504,60,19
505,60,19
506,60,19
507,60,20
508,60,20
509,60,20
510,59,20
511,59,19
512,59,19
513,59,19
514,59,19
515,59,19
516,59,19
517,59,19
518,59,19
519,59,20
520,59,20
521,59,20
522,58,19
523,58,19
524,58,20
525,58,20
526,59,20
527,59,20
528,59,20
529,59,20
530,59,20
531,59,20
532,60,20
533,60,20
534,60,20
535,60,20
536,60,21
537,60,21
538,60,21
539,60,20
540,59,20
541,59,20
542,59,20
543,59,20
544,59,20
545,59,20
546,60,20
547,60,20
548,61,20
549,61,20
550,61,20
551,61,20
552,61,20
553,61,20
554,59,20
555,59,18
556,59,18
557,59,18
558,59,18
559,59,19
560,60,19
561,60,18
562,61,18
563,61,18
564,61,18
565,61,18
566,61,18
567,61,18
568,61,18
569,61,18
570,62,18
571,62,18
572,62,18
573,62,18
574,62,18
575,62,18
576,62,18
577,62,18
578,62,18
579,62,18
580,62,18
581,62,18
582,61,17
583,61,17
584,60,17
585,60,17
586,60,17
587,60,17
588,60,17
589,60,17
590,60,17
591,60,17
592,58,17
593,58,17
594,58,17
595,58,17
596,58,17
597,58,17
598,59,18
599,59,18
600,59,18
601,59,18
602,59,18
603,59,18
604,59,18
605,59,18
606,60,18
607,60,18
608,60,18
609,60,18
610,60,18
611,60,18
612,60,18
613,60,19
614,60,19
615,60,19
616,60,19
617,60,19
618,60,19
619,60,19
620,60,19
621,60,19
622,61,19
623,61,19
624,61,19
625,61,19
626,60,19
627,60,19
628,60,19
629,60,19
630,60,19
631,60,19
632,60,19
633,60,19
634,60,19
635,60,19
636,60,19
637,60,19
638,60,19
639,60,19
640,61,19
641,61,20
642,61,20
643,61,20
644,61,20
645,61,20
646,61,20
647,61,19
648,61,19
649,61,19
650,60,19
651,60,19
652,60,19
653,60,19
654,60,19
655,60,19
656,59,19
657,59,19
658,59,19
659,59,19
660,59,19
661,59,19
662,59,18
663,59,18
664,59,18
665,59,18
666,59,18
667,59,18
668,59,18
669,59,18
670,61,18
671,61,19
672,61,19
673,61,19
674,61,19
675,61,19
676,61,19
677,61,19
678,61,19
679,61,19
680,60,19
681,60,19
682,60,19
683,60,19
684,60,19
685,60,19
686,60,19
687,60,19
688,60,19
689,60,19
690,60,19
691,60,19
692,60,19
693,60,19
694,60,19
695,60,19
696,60,19
697,60,19
698,60,19
699,60,19
700,60,19
701,60,19
702,60,19
703,60,19
704,60,18
705,60,18
706,60,18
707,60,18
708,60,18
709,60,19
710,61,19
711,61,19
712,61,19
713,61,19
714,61,19
715,61,19
716,61,19
717,61,19
718,61,19
719,61,17
720,61,17
721,61,17
722,61,17
723,61,17
724,61,17
725,61,17
726,59,17
727,59,17
728,59,17
729,59,17
730,59,17
731,59,17
732,59,17
733,59,17
734,61,17
735,61,17
736,62,17
737,62,17
738,62,17
739,62,18
740,62,18
741,62,18
742,60,18
743,60,18
744,60,17
745,60,17
746,60,17
747,60,17
748,60,17
749,60,17
750,60,17
751,60,17
752,60,17
753,60,18
754,60,18
755,60,18
756,60,18
757,60,18
758,60,18
759,60,18
760,60,18
761,60,18
762,60,18
763,60,18
764,59,18
765,59,19
766,57,19
767,57,19
768,57,20
769,57,20
770,57,20
771,57,20
772,59,20
773,59,20
774,59,20
775,59,20
776,59,20
777,59,20
778,59,19
779,59,19
780,59,19
781,59,19
782,58,19
783,58,19
784,58,19
785,58,19
786,59,19
787,59,19
788,59,19
789,59,19
790,59,19
791,59,19
792,59,19
793,59,19
794,59,19
795,59,19
796,59,19
797,59,19
798,59,19
799,59,19
800,59,19
801,59,19
802,59,19
803,59,19
804,59,19
805,59,19
806,59,19
807,59,19
808,59,19
809,59,19
810,59,20
811,59,20
812,59,20
813,59,19
814,60,19
815,60,19
816,60,19
817,60,19
818,61,19
819,61,19
820,61,19
821,61,19
822,67,19
823,67,18
824,71,18
825,71,18
826,72,19
827,72,20
828,72,20
829,72,20
830,72,19
831,72,19
832,68,19
833,68,19
834,68,19
835,68,19
836,68,19
837,68,19
838,66,19
839,66,19
840,65,19
841,65,19
842,65,19
843,65,19
844,65,19
845,65,18
846,65,18
847,65,18
848,70,19
849,70,19
850,70,19
851,70,19
852,70,19
853,70,19
854,67,19
855,67,18
856,66,18
857,66,18
858,66,18
859,66,18
860,65,18
861,65,18
862,65,17
863,65,17
864,65,17
865,65,17
866,65,17
867,65,17
868,65,17
869,65,17
870,65,17
871,65,17
872,62,18
873,62,18
874,62,18
875,62,18
876,62,18
877,62,18
878,61,17
879,61,17
880,62,17
881,62,18
882,62,18
883,62,18
884,61,18
885,61,18
886,61,18
887,61,18
888,61,18
889,61,18
890,59,18
891,59,18
892,59,18
893,59,18
894,59,18
895,59,18
896,61,18
897,61,18
898,61,18
899,61,18
900,61,18
901,61,18
902,61,18
903,61,18
904,61,18
905,61,18
906,61,18
907,61,18
908,61,18
909,61,18
910,63,17
911,63,18
912,64,18
913,64,18
914,64,18
915,64,18
916,64,18
917,64,18
918,63,18
919,63,18
920,63,18
921,63,18
922,63,18
923,63,19
924,62,19
925,62,19
926,61,19
927,61,18
928,61,18
929,61,18
930,61,18
931,61,18
932,60,18
933,60,18
934,59,18
935,59,18
936,60,18
937,60,18
938,60,18
939,60,18
940,59,18
941,59,18
942,60,18
943,60,19
944,60,19
945,60,19
946,60,19
947,60,19
948,63,19
949,63,19
950,63,19
951,63,20
952,63,20
953,63,20
954,63,20
955,63,20
956,63,20
957,63,20
958,64,19
959,64,19
960,64,19
961,64,20
962,64,20
963,64,20
964,64,19
965,64,19
966,63,19
967,63,20
968,63,20
969,63,19
970,62,19
971,62,19
972,62,20
973,62,20
974,61,20
975,61,20
976,61,20
977,61,20
978,60,20
979,60,20
980,60,20
981,60,20
982,58,20
983,58,20
984,58,20
985,58,20
986,58,20
987,58,20
988,58,20
989,58,19
990,58,19
991,58,20
992,58,20
993,58,20
994,59,20
995,59,20
996,59,20
997,59,20
998,59,20
999,59,20
1000,59,20
1001,59,20
1002,59,20
1003,59,20
1004,60,20
1005,60,20
1006,62,20
1007,62,20
1008,62,20
1009,62,20
1010,62,20
1011,62,20
1012,62,20
1013,62,20
1014,60,20
1015,60,19
1016,60,19
1017,60,19
1018,60,19
1019,60,19
1020,62,19
1021,62,19
1022,62,19
1023,62,19
1024,62,19
1025,62,19
1026,62,19
1027,62,19
1028,61,19
1029,61,19
1030,61,19
1031,61,19
1032,61,19
1033,61,19
1034,61,19
1035,61,19
1036,61,19
1037,61,18
1038,61,18
1039,61,18
1040,61,18
1041,61,18
1042,61,18
1043,61,18
1044,61,18
1045,61,18
1046,61,18
1047,61,18
1048,61,18
1049,61,18
1050,61,18
1051,61,18
1052,61,18
1053,61,18
1054,61,18
1055,61,18
1056,61,18
1057,61,18
1058,60,18
1059,60,17
1060,60,17
1061,60,17
1062,59,17
1063,59,17
1064,59,17
1065,59,18
1066,59,18
1067,59,18
1068,59,18
1069,59,18
1070,59,18
1071,59,18
1072,60,18
1073,60,18
1074,60,18
1075,60,18
1076,60,18
1077,60,19
1078,60,19
1079,60,19
1080,60,19
1081,60,19
1082,60,19
1083,60,19
1084,60,19
1085,60,20
1086,60,20
1087,60,20
1088,60,20
1089,60,20
1090,60,20
1091,60,20
1092,60,20
1093,60,20
1094,60,20
1095,60,19
1096,60,19
1097,60,19
1098,61,20
1099,61,20
1100,61,20
1101,61,20
1102,61,20
1103,61,20
1104,61,20
1105,61,20
1106,61,20
1107,61,20
1108,61,20
1109,61,20
1110,61,20
1111,61,20
1112,61,20
1113,61,20
1114,61,20
1115,61,20
1116,61,20
1117,61,20
1118,62,20
1119,62,20
1120,62,20
1121,62,20
1122,61,20
1123,61,20
1124,61,20
1125,61,20
1126,60,20
1127,60,20
1128,60,20
1129,60,19
1130,60,19
1131,60,19
1132,60,19
1133,60,19
1134,62,20
1135,62,20
1136,62,20
1137,62,20
1138,62,19
1139,62,19
1140,62,20
1141,62,20
1142,62,20
1143,62,20
1144,60,20
1145,60,20
1146,60,20
1147,60,20
1148,59,20
1149,59,20
1150,59,19
1151,59,19
1152,61,19
1153,61,19
1154,62,19
1155,62,19
1156,65,19
1157,65,19
1158,65,19
1159,65,18
1160,65,18
1161,65,18
1162,63,18
1163,63,18
1164,63,18
1165,63,18
1166,63,18
1167,63,16
1168,66,16
1169,66,16
1170,69,16
1171,69,16
1172,69,16
1173,69,16
1174,69,16
1175,69,16
1176,72,16
1177,72,16
1178,74,16
1179,74,16
1180,76,15
1181,76,15
1182,76,16
1183,76,16
1184,75,16
1185,75,16
1186,75,16
1187,75,16
1188,72,16
1189,72,16
1190,67,15
1191,67,15
1192,65,15
1193,65,15
1194,63,15
1195,63,15
1196,63,15
1197,63,15
1198,62,15
1199,62,15
1200,62,15
1201,62,15
1202,61,15
1203,61,15
1204,61,15
1205,61,15
1206,60,15
1207,60,15
1208,60,15
1209,60,15
1210,61,15
1211,61,15
1212,61,15
1213,61,15
1214,60,15
1215,60,15
1216,60,16
1217,60,16
1218,60,16
1219,60,17
1220,60,17
1221,60,17
1222,60,17
1223,60,17
1224,60,17
1225,60,17
1226,60,17
1227,60,17
1228,60,17
1229,60,18
1230,60,18
1231,60,18
1232,60,18
1233,60,18
1234,60,18
1235,60,18
1236,60,18
1237,60,18
1238,60,18
1239,60,18
1240,60,18
1241,60,18
1242,62,18
1243,62,18
1244,62,18
1245,62,18
1246,62,18
1247,62,18
1248,63,19
1249,63,19
1250,63,19
1251,63,19
1252,64,19
1253,64,19
1254,64,19
1255,64,18
1256,64,18
1257,64,18
1258,64,18
1259,64,18
1260,63,18
1261,63,18
1262,63,18
1263,63,18
1264,63,18
1265,63,18
1266,64,18
1267,64,18
1268,64,19
1269,64,19
1270,64,19
1271,64,18
1272,64,18
1273,64,18
1274,64,18
1275,64,18
1276,63,18
1277,63,19
1278,63,19
1279,63,19
1280,63,19
1281,63,18
1282,62,18
1283,62,18
1284,62,18
1285,62,18
1286,62,18
1287,62,18
1288,65,18
1289,65,18
1290,66,18
1291,66,18
1292,69,18
1293,69,18
1294,69,18
1295,69,18
1296,66,18
1297,66,18
1298,66,18
1299,66,18
1300,65,18
1301,65,18
1302,65,18
1303,65,18
1304,64,18
1305,64,18
1306,63,18
1307,63,18
1308,64,18
1309,64,18
1310,63,18
1311,63,18
1312,63,18
1313,63,18
1314,62,18
1315,62,18
1316,61,18
1317,61,18
1318,61,18
1319,61,18
1320,60,18
1321,60,18
1322,60,18
1323,60,18
1324,60,18
1325,60,18
1326,60,18
1327,60,18
1328,61,18
1329,61,17
1330,61,17
1331,61,17
1332,61,18
1333,61,18
1334,61,18
1335,61,18
1336,61,17
1337,61,17
1338,61,17
1339,61,18
1340,61,18
1341,61,18
1342,61,17
1343,61,17
1344,61,17
1345,61,18
1346,61,18
1347,61,18
1348,61,18
1349,61,18
1350,62,18
1351,62,18
1352,62,18
1353,62,18
1354,62,18
1355,62,18
1356,61,18
1357,61,18
1358,61,18
1359,61,18
1360,61,18
1361,61,18
1362,61,18
1363,61,18
1364,61,18
1365,61,18
1366,61,18
1367,61,18
1368,61,19
1369,61,19
1370,60,19
1371,60,19
1372,60,19
1373,60,19
1374,60,19
1375,60,19
1376,60,19
1377,60,19
1378,60,19
1379,60,19
1380,60,19
1381,60,20
1382,60,20
1383,60,20
1384,59,20
1385,59,20
1386,59,20
1387,59,18
1388,59,18
1389,59,18
1390,60,18
1391,60,18
1392,60,18
1393,60,18
1394,60,18
1395,60,18
1396,60,18
1397,60,18
1398,60,18
1399,60,18
1400,60,18
1401,60,18
1402,60,18
1403,60,18
1404,60,18
1405,60,18
1406,60,18
1407,60,18
1408,60,18
1409,60,18
1410,61,18
1411,61,18
1412,61,17
1413,61,18
1414,59,18
1415,59,18
1416,59,18
1417,59,18
1418,59,18
1419,59,18
1420,59,17
1421,59,17
1422,59,17
1423,59,18
1424,59,18
1425,59,18
1426,58,18
1427,58,18
1428,59,18
1429,59,18
1430,59,17
1431,59,17
1432,59,17
1433,59,17
1434,59,17
1435,59,17
1436,59,18
1437,59,18
1438,59,18
1439,59,19
1440,58,19
1441,58,19
1442,58,19
1443,58,19
1444,58,19
1445,58,19
1446,58,19
1447,58,19
1448,58,19
1449,58,19
1450,59,19
1451,59,19
1452,59,19
1453,59,19
1454,59,19
1455,59,19
1456,59,19
1457,59,19
1458,59,19
1459,59,19
1460,59,19
1461,59,19
1462,58,19
1463,58,19
1464,58,19
1465,58,19
1466,58,19
1467,58,19
1468,58,19
1469,58,19
1470,59,19
1471,59,19
1472,59,19
1473,59,19
1474,60,19
1475,60,19
1476,60,20
1477,60,20
1478,60,20
1479,60,20
1480,60,20
1481,60,20
1482,60,20
1483,60,19
1484,60,19
1485,60,19
1486,60,19
1487,60,19
1488,60,20
1489,60,20
1490,60,20
1491,60,20
1492,60,19
1493,60,19
1494,60,19
1495,60,19
1496,60,19
1497,60,19
1498,60,19
1499,60,19
1500,60,19
1501,60,19
1502,60,19
1503,60,19
1504,59,19
1505,59,19
1506,59,18
1507,59,18
1508,59,18
1509,59,18
1510,59,18
1511,59,18
1512,59,18
1513,59,18
1514,60,18
1515,60,18
1516,61,18
1517,61,18
1518,61,18
1519,61,18
1520,61,18
1521,61,18
1522,60,18
1523,60,18
1524,60,18
1525,60,18
1526,60,18
1527,60,18
1528,60,18
1529,60,18
1530,60,17
1531,60,17
1532,60,17
1533,60,18
1534,60,18
1535,60,18
1536,61,18
1537,61,17
1538,62,17
1539,62,17
1540,62,17
1541,62,17
1542,62,17
1543,62,17
1544,62,17
1545,62,17
1546,60,17
1547,60,17
1548,60,17
1549,60,17
1550,60,17
1551,60,17
1552,60,17
1553,60,17
1554,60,17
1555,60,17
1556,61,18
1557,61,18
1558,61,18
1559,61,18
1560,61,18
1561,61,18
1562,61,18
1563,61,18
1564,61,18
1565,61,18
1566,62,18
1567,62,19
1568,62,19
1569,62,19
1570,62,18
1571,62,18
1572,61,18
1573,61,19
1574,61,19
1575,61,19
1576,61,19
1577,61,19
1578,61,19
1579,61,19
1580,61,19
1581,61,19
1582,61,19
1583,61,19
1584,61,19
1585,61,20
1586,61,20
1587,61,20
1588,62,20
1589,62,20
1590,62,20
1591,62,20
1592,62,20
1593,62,20
1594,62,20
1595,62,20
1596,62,20
1597,62,20
1598,61,20
1599,61,20
1600,60,20
1601,60,20
1602,60,20
1603,60,20
1604,60,20
1605,60,20
1606,59,20
1607,59,20
1608,59,20
1609,59,20
1610,60,20
1611,60,20
1612,60,20
1613,60,20
1614,61,20
1615,61,20
1616,61,20
1617,61,20
1618,61,20
1619,61,20
1620,61,20
1621,61,20
1622,61,20
1623,61,21
1624,61,21
1625,61,21
1626,61,21
1627,61,20
1628,61,20
1629,61,20
1630,61,20
1631,61,20
1632,62,20
1633,62,20
1634,62,20
1635,62,20
1636,63,20
1637,63,20
1638,63,20
1639,63,20
1640,77,20
1641,77,19
1642,85,19
1643,85,20
1644,85,20
1645,85,20
1646,85,20
1647,85,20
1648,81,20
1649,81,20
1650,81,20
1651,81,20
1652,81,20
1653,81,20
1654,81,20
1655,81,20
1656,81,20
1657,81,21
1658,81,21
1659,81,21
1660,72,21
1661,72,20
1662,68,20
1663,68,20
1664,65,19
1665,65,19
1666,65,19
1667,65,19
1668,61,19
1669,61,19
1670,61,19
1671,61,19
1672,61,18
1673,61,18
1674,61,18
1675,61,19
1676,61,19
1677,61,19
1678,66,19
1679,66,19
1680,67,19
1681,67,19
1682,68,19
1683,68,19
1684,70,19
1685,70,19
1686,70,19
1687,70,20
1688,69,20
1689,69,20
1690,69,19
1691,69,19
1692,69,19
1693,69,19
1694,68,19
1695,68,19
1696,64,19
1697,64,18
1698,61,18
1699,61,18
1700,61,18
1701,61,17
1702,61,17
1703,61,17
1704,61,17
1705,61,17
1706,61,17
1707,61,17
1708,61,17
1709,61,17
1710,61,17
1711,61,17
1712,61,17
1713,61,17
1714,61,17
1715,61,17
1716,61,16
1717,61,16
1718,61,16
1719,61,16
1720,61,16
1721,61,16
1722,60,16
1723,60,16
1724,60,16
1725,60,16
1726,60,16
1727,60,16
1728,60,16
1729,60,16
1730,60,16
1731,60,16
1732,60,16
1733,60,16
1734,60,16
1735,60,16
1736,60,15
1737,60,15
1738,60,15
1739,60,15
1740,61,15
1741,61,15
1742,61,15
1743,61,15
1744,61,15
1745,61,15
1746,61,15
1747,61,15
1748,60,15
1749,60,15
1750,60,15
1751,60,15
1752,59,15
1753,59,15
1754,59,15
1755,59,16
1756,59,16
1757,59,16
1758,60,16
1759,60,16
1760,60,16
1761,60,16
1762,61,16
1763,61,16
1764,61,16
1765,61,16
1766,63,18
1767,63,18
1768,63,18
1769,63,18
1770,63,18
1771,63,18
1772,62,19
1773,62,19
1774,61,19
1775,61,19
1776,61,19
1777,61,19
1778,61,19
1779,61,19
1780,61,19
1781,61,20
1782,61,20
1783,61,20
1784,61,20
1785,61,20
1786,61,20
1787,61,20
1788,61,19
1789,61,19
1790,61,20
1791,61,20
1792,61,20
1793,61,20
1794,61,19
1795,61,19
1796,61,19
1797,61,20
1798,61,20
1799,61,20
1800,61,20
1801,61,20
1802,61,20
1803,61,20
1804,61,20
1805,61,20
1806,61,20
1807,61,20
1808,60,20
1809,60,20
1810,61,19
1811,61,19
1812,61,19
1813,61,19
1814,60,19
1815,60,19
1816,60,18
1817,60,18
1818,60,18
1819,60,18
1820,60,18
1821,60,18
1822,60,18
1823,60,18
1824,61,18
1825,61,18
1826,62,18
1827,62,18
1828,62,18
1829,62,18
1830,62,18
1831,62,18
1832,62,18
1833,62,18
1834,62,18
1835,62,18
1836,61,18
1837,61,18
1838,62,18
1839,62,18
1840,62,18
1841,62,18
1842,62,18
1843,62,18
1844,62,18
1845,62,18
1846,62,18
1847,62,18
1848,62,18
1849,62,18
1850,61,18
1851,61,18
1852,61,18
1853,61,18
1854,61,18
1855,61,18
1856,60,18
1857,60,18
1858,60,18
1859,60,18
1860,59,20
1861,59,20
1862,59,20
1863,59,20
1864,59,20
1865,59,20
1866,59,20
1867,59,20
1868,59,19
1869,59,19
1870,59,19
1871,59,19
1872,59,19
1873,59,19
1874,59,19
1875,59,19
1876,59,19
1877,59,19
1878,59,19
1879,59,19
1880,59,19
1881,59,19
1882,59,19
1883,59,19
1884,59,19
1885,59,19
1886,57,19
1887,57,19
1888,56,19
1889,56,19
1890,56,19
1891,56,19
1892,56,19
1893,56,18
1894,57,18
1895,57,18
1896,58,18
1897,58,18
1898,58,18
1899,58,18
1900,59,18
1901,59,18
1902,59,18
1903,59,18
1904,61,18
1905,61,18
1906,62,18
1907,62,18
1908,62,18
1909,62,18
1910,62,18
1911,62,18
1912,62,18
1913,62,18
1914,62,18
1915,62,18
1916,63,18
1917,63,18
1918,65,18
1919,65,18
1920,66,18
1921,66,18
1922,66,17
1923,66,17
1924,67,17
1925,67,17
1926,67,17
1927,67,17
1928,64,17
1929,64,16
1930,64,16
1931,64,16
1932,64,16
1933,64,16
1934,63,16
1935,63,16
1936,63,16
1937,63,16
1938,63,16
1939,63,16
1940,63,16
1941,63,16
1942,63,16
1943,63,16
1944,64,16
1945,64,16
1946,64,16
1947,64,16
1948,62,16
1949,62,16
1950,62,16
1951,62,16
1952,62,16
1953,62,16
1954,64,16
1955,64,16
1956,64,16
1957,64,16
1958,64,16
1959,64,16
1960,65,16
1961,65,16
1962,65,16
1963,65,16
1964,65,16
1965,65,16
1966,66,16
1967,66,16
1968,67,16
1969,67,17
1970,67,17
1971,67,17
1972,67,17
1973,67,16
1974,68,16
1975,68,17
1976,70,17
1977,70,17
1978,70,18
1979,70,18
1980,66,18
1981,66,18
1982,66,18
1983,66,18
1984,66,18
1985,66,18
1986,66,18
1987,66,18
1988,66,19
1989,66,19
1990,65,19
1991,65,19
1992,65,18
1993,65,18
1994,64,18
1995,64,18
1996,64,18
1997,64,18
1998,64,18
1999,64,18
2000,64,18
2001,64,18
2002,64,18
2003,64,18
2004,64,18
2005,64,18
2006,63,18
2007,63,18
2008,63,18
2009,63,18
2010,63,18
2011,63,18
2012,63,18
2013,63,18
2014,64,18
2015,64,18
2016,64,18
2017,64,18
2018,64,18
2019,64,18
2020,64,18
2021,64,18
2022,64,18
2023,64,18
2024,64,18
2025,64,18
2026,66,18
2027,66,18
2028,66,18
2029,66,18
2030,66,18
2031,66,18
2032,66,18
2033,66,18
2034,66,18
2035,66,18
2036,66,18
2037,66,18
2038,66,18
2039,66,18
2040,66,18
2041,66,18
2042,66,18
2043,66,18
2044,66,18
2045,66,18
2046,66,18
2047,66,18
2048,65,19
2049,65,19
2050,65,19
2051,65,19
2052,70,19
2053,70,19
2054,73,17
2055,73,17
2056,74,17
2057,74,18
2058,74,18
2059,74,18
2060,73,18
2061,73,18
2062,73,18
2063,73,18
2064,72,18
2065,72,18
2066,68,18
2067,68,17
2068,67,17
2069,67,17
2070,66,16
2071,66,16
2072,66,16
2073,66,16
2074,66,16
2075,66,16
2076,67,16
2077,67,16
2078,67,16
2079,67,16
2080,67,16
2081,67,16
2082,65,16
2083,65,16
2084,65,16
2085,65,15
2086,65,15
2087,65,15
2088,66,15
2089,66,15
2090,66,15
2091,66,15
2092,66,15
2093,66,15
2094,66,15
2095,66,15
2096,66,15
2097,66,14
2098,66,14
2099,66,14
2100,65,14
2101,65,14
2102,64,14
2103,64,14
2104,64,14
2105,64,14
2106,63,14
2107,63,14
2108,63,14
2109,63,14
2110,64,14
2111,64,14
2112,64,14
2113,64,14
2114,64,14
2115,64,15
2116,64,15
2117,64,15
2118,64,15
2119,64,14
2120,64,14
2121,64,14
2122,63,14
2123,63,14
2124,63,14
2125,63,15
2126,63,15
2127,63,15
2128,66,15
2129,66,15
2130,66,15
2131,66,16
2132,66,16
2133,66,16
2134,63,16
2135,63,16
2136,62,16
2137,62,16
2138,62,15
2139,62,15
2140,62,15
2141,62,15
2142,62,16
2143,62,16
2144,62,16
2145,62,16
2146,63,16
2147,63,16
2148,63,17
2149,63,17
2150,63,17
2151,63,17
2152,63,17
2153,63,17
2154,63,17
2155,63,17
2156,63,17
2157,63,17
2158,63,17
2159,63,17
2160,63,17
2161,63,18
2162,63,18
2163,63,18
2164,63,17
2165,63,17
2166,63,17
2167,63,17
2168,63,17
2169,63,17
2170,62,17
2171,62,17
2172,63,17
2173,63,17
2174,63,17
2175,63,17
2176,63,17
2177,63,17
2178,64,17
2179,64,17
2180,64,17
2181,64,17
2182,64,17
2183,64,17
2184,64,17
2185,64,17
2186,63,18
2187,63,18
2188,63,19
2189,63,19
2190,63,19
2191,63,19
2192,64,19
2193,64,19
2194,64,20
2195,64,20
2196,64,20
2197,64,20
2198,64,20
2199,64,20
2200,64,20
2201,64,20
2202,64,20
2203,64,20
2204,63,20
2205,63,20
2206,62,20
2207,62,20
2208,62,20
2209,62,20
2210,62,20
2211,62,20
2212,62,20
2213,62,20
2214,62,20
2215,62,20
2216,62,20
2217,62,20
2218,59,20
2219,59,20
2220,59,19
2221,59,19
2222,59,19
2223,59,20
2224,62,20
2225,62,20
2226,62,20
2227,62,19
2228,62,19
2229,62,19
2230,62,19
2231,62,19
2232,62,19
2233,62,19
2234,62,19
2235,62,19
2236,62,19
2237,62,19
2238,62,19
2239,62,18
2240,62,18
2241,62,18
2242,62,18
2243,62,18
2244,62,18
2245,62,18
2246,63,18
2247,63,18
2248,63,18
2249,63,18
2250,64,18
2251,64,18
2252,63,18
2253,63,18
2254,62,18
2255,62,18
2256,61,18
2257,61,18
2258,62,18
2259,62,18
2260,61,18
2261,61,17
2262,60,17
2263,60,17
2264,60,17
2265,60,17
2266,60,17
2267,60,17
2268,60,17
2269,60,17
2270,60,18
2271,60,18
2272,62,18
2273,62,18
2274,62,18
2275,62,18
2276,63,18
2277,63,17
2278,65,17
2279,65,17
2280,65,17
2281,65,17
2282,65,17
2283,65,17
2284,65,17
2285,65,17
2286,66,17
2287,66,17
2288,66,18
2289,66,18
2290,66,18
2291,66,18
2292,66,18
2293,66,18
2294,65,18
2295,65,18
2296,64,18
2297,64,18
2298,64,18
2299,64,18
2300,64,18
2301,64,18
2302,64,18
2303,64,18
2304,64,18
2305,64,18
2306,65,18
2307,65,18
2308,65,18
2309,65,19
2310,65,19
2311,65,19
2312,65,19
2313,65,19
2314,65,19
2315,65,19
2316,64,19
2317,64,19
2318,64,19
2319,64,19
2320,65,19
2321,65,20
2322,66,20
2323,66,21
2324,66,21
2325,66,21
2326,66,21
2327,66,21
2328,65,21
2329,65,21
2330,65,21
2331,65,20
2332,65,20
2333,65,20
2334,65,20
2335,65,20
2336,65,20
2337,65,20
2338,64,20
2339,64,20
2340,64,20
2341,64,20
2342,64,20
2343,64,20
2344,64,20
2345,64,20
2346,63,20
2347,63,20
2348,63,20
2349,63,20
2350,61,20
2351,61,20
2352,61,20
2353,61,20
2354,61,20
2355,61,21
2356,61,21
2357,61,21
2358,61,21
2359,61,20
2360,61,20
2361,61,20
2362,61,20
2363,61,20
2364,61,20
2365,61,20
2366,61,20
2367,61,20
2368,60,20
2369,60,20
2370,61,20
2371,61,20
2372,61,19
2373,61,19
2374,61,19
2375,61,20
2376,63,20
2377,63,20
2378,63,20
2379,63,20
2380,63,19
2381,63,19
2382,65,19
2383,65,19
2384,65,19
2385,65,19
2386,73,19
2387,73,19
2388,73,18
2389,73,18
2390,73,19
2391,73,19
2392,73,19
2393,73,19
2394,73,19
2395,73,18
2396,70,18
2397,70,18
2398,67,18
2399,67,18
2400,65,18
2401,65,17
2402,65,17
2403,65,17
2404,65,17
2405,65,17
2406,68,16
2407,68,16
2408,68,16
2409,68,16
2410,68,16
2411,68,16
2412,64,16
2413,64,16
2414,64,16
2415,64,16
2416,64,15
2417,64,15
2418,64,15
2419,64,15
2420,64,15
2421,64,15
2422,64,15
2423,64,15
2424,64,15
2425,64,15
2426,63,15
2427,63,15
2428,63,15
2429,63,15
2430,63,15
2431,63,15
2432,62,15
2433,62,15
2434,62,15
2435,62,15
2436,62,15
2437,62,15
2438,61,14
2439,61,14
2440,61,14
2441,61,15
2442,61,15
2443,61,15
2444,61,15
2445,61,15
2446,61,15
2447,61,15
2448,63,15
2449,63,15
2450,65,15
2451,65,15
2452,66,15
2453,66,15
2454,70,15
2455,70,15
2456,72,15
2457,72,16
2458,78,16
2459,78,16
2460,78,16
2461,78,17
2462,78,17
2463,78,17
2464,78,17
2465,78,16
2466,77,16
2467,77,16
2468,72,16
2469,72,16
2470,69,17
2471,69,17
2472,67,17
2473,67,17
2474,61,17
2475,61,17
2476,61,16
2477,61,16
2478,61,16
2479,61,16
2480,61,16
2481,61,16
2482,61,16
2483,61,16
2484,61,16
2485,61,16
2486,60,16
2487,60,16
2488,60,16
2489,60,16
2490,60,16
2491,60,16
2492,60,16
2493,60,16
2494,60,16
2495,60,16
2496,61,16
2497,61,16
2498,61,16
2499,61,16
2500,61,16
2501,61,16
2502,61,16
2503,61,16
2504,61,16
2505,61,16
2506,61,16
2507,61,16
2508,61,16
2509,61,16
2510,61,16
2511,61,16
2512,61,16
2513,61,16
2514,61,16
2515,61,16
2516,61,16
2517,61,16
2518,61,16
2519,61,16
2520,61,16
2521,61,16
2522,61,17
2523,61,17
2524,60,17
2525,60,18
2526,60,18
2527,60,18
2528,60,18
2529,60,18
2530,60,18
2531,60,18
2532,60,18
2533,60,18
2534,60,19
2535,60,19
2536,59,19
2537,59,19
2538,59,19
2539,59,19
2540,59,19
2541,59,19
2542,59,19
2543,59,19
2544,61,19
2545,61,20
2546,61,20
2547,61,20
2548,61,20
2549,61,20
2550,61,20
2551,61,20
2552,60,20
2553,60,20
2554,60,20
2555,60,20
2556,61,20
2557,61,21
2558,61,21
2559,61,21
2560,61,20
2561,61,20
2562,62,20
2563,62,20
2564,61,20
2565,61,20
2566,61,20
2567,61,20
2568,60,20
2569,60,20
2570,60,20
2571,60,20
2572,60,20
2573,60,20
2574,60,20
2575,60,20
2576,60,20
2577,60,21
2578,60,21
2579,60,21
2580,61,21
2581,61,20
2582,61,20
2583,61,20
2584,61,20
2585,61,20
2586,61,21
2587,61,21
2588,61,21
2589,61,20
2590,61,20
2591,61,20
2592,61,20
2593,61,20
2594,62,20
2595,62,20
2596,62,20
2597,62,20
2598,63,20
2599,63,20
2600,64,20
2601,64,20
2602,65,20
2603,65,20
2604,65,20
2605,65,20
2606,65,21
2607,65,21
2608,65,21
2609,65,21
2610,63,20
2611,63,20
2612,63,21
2613,63,21
2614,63,21
2615,63,21
2616,61,20
2617,61,20
2618,61,20
2619,61,20
2620,61,20
2621,61,20
2622,60,20
2623,60,20
2624,60,20
2625,60,20
2626,60,20
2627,60,20
2628,60,20
2629,60,20
2630,60,20
2631,60,20
2632,60,20
2633,60,20
2634,60,20
2635,60,20
2636,60,20
2637,60,20
2638,60,20
2639,60,20
2640,63,20
2641,63,20
2642,64,20
2643,64,20
2644,64,20
2645,64,20
2646,65,20
2647,65,20
2648,64,20
2649,64,19
2650,63,19
2651,63,19
2652,63,19
2653,63,19
2654,61,19
2655,61,19
2656,61,19
2657,61,19
2658,61,19
2659,61,19
2660,61,19
2661,61,18
2662,61,18
2663,61,18
2664,61,18
2665,61,18
2666,61,18
2667,61,18
2668,61,18
2669,61,18
2670,60,18
2671,60,18
2672,60,18
2673,60,18
2674,60,18
2675,60,18
2676,60,18
2677,60,18
2678,60,18
2679,60,18
2680,60,18
2681,60,18
2682,60,18
2683,60,18
2684,60,18
2685,60,18
2686,60,18
2687,60,18
2688,60,18
2689,60,18
2690,61,18
2691,61,18
2692,60,17
2693,60,17
2694,61,17
2695,61,17
2696,61,17
2697,61,17
2698,61,17
2699,61,17
2700,61,17
2701,61,17
2702,61,17
2703,61,17
2704,61,17
2705,61,17
2706,61,17
2707,61,18
2708,61,18
2709,61,18
2710,61,18
2711,61,18
2712,61,18
2713,61,19
2714,61,19
2715,61,19
2716,61,19
2717,61,19
2718,62,19
2719,62,19
2720,62,19
2721,62,19
2722,62,19
2723,62,19
2724,62,19
2725,62,19
2726,62,18
2727,62,18
2728,60,19
2729,60,19
2730,60,19
2731,60,19
2732,60,19
2733,60,19
2734,62,19
2735,62,19
2736,63,20
2737,63,20
2738,63,20
2739,63,20
2740,63,20
2741,63,20
2742,62,20
2743,62,20
2744,62,20
2745,62,20
2746,62,20
2747,62,20
2748,63,20
2749,63,20
2750,63,20
2751,63,20
2752,63,20
2753,63,20
2754,63,20
2755,63,20
2756,63,20
2757,63,20
2758,63,20
2759,63,20
2760,64,20
2761,64,20
2762,65,20
2763,65,19
2764,65,19
2765,65,19
2766,64,19
2767,64,19
2768,64,19
2769,64,19
2770,64,19
2771,64,19
2772,61,19
2773,61,19
2774,61,19
2775,61,19
2776,61,19
2777,61,19
2778,61,18
2779,61,18
2780,61,18
2781,61,18
2782,63,18
2783,63,18
2784,63,18
2785,63,18
2786,63,18
2787,63,18
2788,63,18
2789,63,18
2790,63,19
2791,63,19
2792,64,19
2793,64,19
2794,64,19
2795,64,19
2796,64,19
2797,64,19
2798,62,19
2799,62,19
2800,61,19
2801,61,17
2802,60,17
2803,60,17
2804,60,17
2805,60,17
2806,59,17
2807,59,17
2808,59,17
2809,59,17
2810,59,17
2811,59,17
2812,59,17
2813,59,16
2814,59,16
2815,59,16
2816,61,16
2817,61,16
2818,61,16
2819,61,17
2820,62,17
2821,62,17
2822,62,17
2823,62,16
2824,62,16
2825,62,16
2826,61,16
2827,61,16
2828,61,16
2829,61,16
2830,61,16
2831,61,16
2832,61,16
2833,61,16
2834,61,16
2835,61,16
2836,61,16
2837,61,16
2838,64,16
2839,64,16
2840,64,16
2841,64,16
2842,65,16
2843,65,16
2844,65,16
2845,65,16
2846,64,16
2847,64,16
2848,64,16
2849,64,16
2850,64,16
2851,64,16
2852,64,16
2853,64,16
2854,64,16
2855,64,17
2856,64,17
2857,64,17
2858,64,17
2859,64,16
2860,64,16
2861,64,18
2862,64,18
2863,64,18
2864,63,18
2865,63,18
2866,63,18
2867,63,18
2868,63,18
2869,63,18
2870,63,18
2871,63,19
2872,63,19
2873,63,19
2874,63,19
2875,63,18
2876,63,18
2877,63,18
2878,63,18
2879,63,18
2880,63,18
2881,63,19
2882,63,19
2883,63,19
2884,63,19
2885,63,19
2886,64,19
2887,64,19
2888,63,18
2889,63,18
2890,64,18
2891,64,18
2892,64,18
2893,64,18
2894,64,18
2895,64,18
2896,63,17
2897,63,17
2898,62,17
2899,62,17
2900,61,17
2901,61,17
2902,61,17
2903,61,17
2904,61,17
2905,61,17
2906,61,17
2907,61,17
2908,61,17
2909,61,17
2910,61,17
2911,61,17
2912,61,17
2913,61,17
2914,61,17
2915,61,17
2916,61,17
2917,61,17
2918,61,17
2919,61,17
2920,61,17
2921,61,17
2922,62,17
2923,62,17
2924,64,17
2925,64,17
2926,65,17
2927,65,17
2928,66,18
2929,66,18
2930,66,18
2931,66,18
2932,66,18
2933,66,18
2934,65,18
2935,65,17
2936,65,17
2937,65,17
2938,64,18
2939,64,18
2940,62,18
2941,62,18
2942,62,18
2943,62,18
2944,62,18
2945,62,18
2946,63,18
2947,63,18
2948,64,19
2949,64,20
2950,64,20
2951,64,20
2952,66,20
2953,66,20
2954,66,20
2955,66,20
2956,66,18
2957,66,18
2958,66,19
2959,66,19
2960,66,19
2961,66,19
2962,66,19
2963,66,19
2964,66,19
2965,66,19
2966,66,19
2967,66,19
2968,66,19
2969,66,19
2970,65,19
2971,65,19
2972,65,19
2973,65,19
2974,65,19
2975,65,19
2976,65,19
2977,65,19
2978,64,19
2979,64,19
2980,64,19
2981,64,19
2982,64,19
2983,64,19
2984,64,19
2985,64,19
2986,64,19
2987,64,19
2988,62,19
2989,62,19
2990,63,19
2991,63,19
2992,62,19
2993,62,19
2994,62,19
2995,62,19
2996,62,19
2997,62,19
2998,62,18
2999,62,18
3000,63,18
3001,63,20
3002,62,20
3003,62,20
3004,62,20
3005,62,19
3006,62,19
3007,62,19
3008,62,19
3009,62,19
3010,62,19
3011,62,19
3012,62,19
3013,62,19
3014,62,19
3015,62,19
3016,62,19
3017,62,19
3018,63,19
3019,63,19
3020,63,19
3021,63,19
3022,63,19
3023,63,19
3024,63,19
3025,63,19
3026,62,19
3027,62,19
3028,62,19
3029,62,19
3030,62,19
3031,62,19
3032,66,19
3033,66,19
3034,66,19
3035,66,19
3036,66,19
3037,66,20
3038,66,20
3039,66,20
3040,64,20
3041,64,20
3042,64,20
3043,64,20
3044,63,20
3045,63,20
3046,63,20
3047,63,20
3048,63,20
3049,63,20
3050,63,20
3051,63,20
3052,63,20
3053,63,20
3054,63,19
3055,63,19
3056,64,19
3057,64,19
3058,65,19
3059,65,19
3060,64,19
3061,64,19
3062,64,19
3063,64,19
3064,64,19
3065,64,19
3066,61,19
3067,61,19
3068,61,19
3069,61,19
3070,61,19
3071,61,19
3072,61,19
3073,61,19
3074,62,19
3075,62,19
3076,62,19
3077,62,19
3078,62,19
3079,62,19
3080,62,19
3081,62,19
3082,61,19
3083,61,19
3084,61,19
3085,61,19
3086,61,19
3087,61,19
3088,61,19
3089,61,19
3090,61,19
3091,61,19
3092,61,19
3093,61,19
3094,62,19
3095,62,19
3096,62,19
3097,62,19
3098,62,19
3099,62,19
3100,62,19
3101,62,19
3102,62,19
3103,62,19
3104,62,19
3105,62,19
3106,62,20
3107,62,20
3108,61,20
3109,61,19
3110,60,19
3111,60,19
3112,60,20
3113,60,20
3114,60,20
3115,60,20
3116,60,19
3117,60,19
3118,60,19
3119,60,19
3120,60,19
3121,60,19
3122,62,19
3123,62,19
3124,61,19
3125,61,19
3126,60,19
3127,60,19
3128,60,19
3129,60,19
3130,60,19
3131,60,19
3132,61,19
3133,61,19
3134,61,19
3135,61,19
3136,62,19
3137,62,19
3138,62,19
3139,62,19
3140,62,19
3141,62,19
3142,62,19
3143,62,19
3144,62,19
3145,62,19
3146,62,19
3147,62,19
3148,64,19
3149,64,19
3150,62,19
3151,62,19
3152,62,18
3153,62,18
3154,62,18
3155,62,18
3156,62,18
3157,62,18
3158,62,18
3159,62,18
3160,60,18
3161,60,18
3162,60,18
3163,60,18
3164,60,18
3165,60,18
3166,61,18
3167,61,18
3168,62,18
3169,62,18
3170,62,18
3171,62,18
3172,63,18
3173,63,18
3174,63,18
3175,63,18
3176,63,18
3177,63,18
3178,63,18
3179,63,18
3180,64,19
3181,64,19
3182,64,19
3183,64,18
3184,64,18
3185,64,18
3186,64,18
3187,64,18
3188,66,18
3189,66,18
3190,66,18
3191,66,18
3192,66,18
3193,66,17
3194,67,17
3195,67,17
3196,67,17
3197,67,17
3198,67,17
3199,67,17
3200,67,17
3201,67,17
3202,66,17
3203,66,17
3204,66,17
3205,66,17
3206,66,17
3207,66,17
3208,65,17
3209,65,17
3210,65,17
3211,65,17
3212,65,17
3213,65,17
3214,66,17
3215,66,17
3216,66,17
3217,66,17
3218,66,17
3219,66,16
3220,66,16
3221,66,16
3222,65,16
3223,65,16
3224,65,17
3225,65,17
3226,65,17
3227,65,17
3228,65,17
3229,65,17
3230,66,17
3231,66,17
3232,66,17
3233,66,17
3234,66,17
3235,66,17
3236,66,17
3237,66,17
3238,66,17
3239,66,17
3240,66,17
3241,66,17
3242,66,17
3243,66,18
3244,66,18
3245,66,18
3246,66,18
3247,66,18
3248,65,18
3249,65,18
3250,65,18
3251,65,18
3252,64,18
3253,64,18
3254,65,18
3255,65,18
3256,65,18
3257,65,18
3258,65,18
3259,65,18
3260,64,18
3261,64,18
3262,64,18
3263,64,18
3264,64,18
3265,64,19
3266,64,19
3267,64,19
3268,64,19
3269,64,19
3270,64,19
3271,64,19
3272,63,19
3273,63,19
3274,63,19
3275,63,19
3276,63,19
3277,63,19
3278,64,19
3279,64,19
3280,64,19
3281,64,19
3282,64,19
3283,64,19
3284,64,19
3285,64,19
3286,64,19
3287,64,19
3288,65,19
3289,65,19
3290,65,19
3291,65,19
3292,66,19
3293,66,19
3294,65,19
3295,65,18
3296,66,18
3297,66,18
3298,70,18
3299,70,18
3300,69,18
3301,69,18
3302,67,17
3303,67,17
3304,67,17
3305,67,17
3306,67,17
3307,67,17
3308,67,17
3309,67,17
3310,67,17
3311,67,17
3312,67,17
3313,67,17
3314,67,17
3315,67,17
3316,67,17
3317,67,17
3318,66,17
3319,66,17
3320,66,17
3321,66,17
3322,65,17
3323,65,17
3324,65,17
3325,65,17
3326,65,17
3327,65,17
3328,65,17
3329,65,17
3330,65,17
3331,65,17
3332,64,17
3333,64,17
3334,64,17
3335,64,17
3336,64,17
3337,64,17
3338,64,17
3339,64,17
3340,64,17
3341,64,17
3342,64,17
3343,64,17
3344,64,17
3345,64,18
3346,64,18
3347,64,20
3348,63,20
3349,63,20
3350,63,20
3351,63,20
3352,63,20
3353,63,20
3354,63,20
3355,63,20
3356,63,20
3357,63,20
3358,63,20
3359,63,20
3360,63,20
3361,63,20
3362,62,21
3363,62,21
3364,62,21
3365,62,21
3366,62,20
3367,62,20
3368,62,20
3369,62,20
3370,62,20
3371,62,20
3372,63,20
3373,63,20
3374,63,20
3375,63,20
3376,63,21
3377,63,21
3378,63,21
3379,63,21
3380,63,20
3381,63,20
3382,63,20
3383,63,20
3384,63,20
3385,63,20
3386,63,20
3387,63,20
3388,63,20
3389,63,20
3390,63,20
3391,63,20
3392,63,20
3393,63,20
3394,61,20
3395,61,20
3396,61,20
3397,61,20
3398,61,20
3399,61,20
3400,61,20
3401,61,20
3402,61,20
3403,61,20
3404,63,20
3405,63,20
3406,63,20
3407,63,20
3408,63,20
3409,63,21
3410,63,21
3411,63,21
3412,63,21
3413,63,20
3414,63,20
3415,63,20
3416,64,20
3417,64,20
3418,64,20
3419,64,20
3420,64,20
3421,64,20
3422,63,19
3423,63,19
3424,63,19
3425,63,20
3426,63,20
3427,63,20
3428,63,20
3429,63,20
3430,63,20
3431,63,20
3432,63,19
3433,63,19
3434,63,19
3435,63,19
3436,64,19
3437,64,19
3438,64,19
3439,64,19
3440,63,20
3441,63,20
3442,63,20
3443,63,20
3444,63,20
3445,63,20
3446,63,20
3447,63,20
3448,63,20
3449,63,20
3450,64,20
3451,64,20
3452,64,20
3453,64,19
3454,65,19
3455,65,19
3456,65,19
3457,65,19
3458,65,20
3459,65,20
3460,66,20
3461,66,20
3462,67,20
3463,67,20
3464,70,20
3465,70,20
3466,71,20
3467,71,20
3468,71,20
3469,71,20
3470,76,20
3471,76,20
3472,77,20
3473,77,20
3474,77,20
3475,77,20
3476,79,21
3477,79,21
3478,80,21
3479,80,21
3480,80,21
3481,80,21
3482,80,21
3483,80,21
3484,80,20
3485,80,20
3486,81,20
3487,81,21
3488,83,21
3489,83,21
3490,83,21
3491,83,21
3492,81,21
3493,81,21
3494,79,21
3495,79,21
3496,75,20
3497,75,20
3498,75,20
3499,75,20
3500,75,20
3501,75,20
3502,71,20
3503,71,20
3504,71,20
3505,71,20
3506,70,20
3507,70,20
3508,70,20
3509,70,20
3510,67,20
3511,67,20
3512,67,20
3513,67,20
3514,67,19
3515,67,19
3516,68,19
3517,68,19
3518,70,19
3519,70,19
3520,71,18
3521,71,18
3522,71,18
3523,71,18
3524,67,18
3525,67,18
3526,67,18
3527,67,18
3528,67,18
3529,67,18
3530,67,18
3531,67,18
3532,67,17
3533,67,17
3534,67,17
3535,67,18
3536,67,18
3537,67,18
3538,67,18
3539,67,17
3540,67,17
3541,67,17
3542,67,17
3543,67,17
3544,67,17
3545,67,17
3546,66,17
3547,66,17
3548,66,17
3549,66,17
3550,67,17
3551,67,17
3552,67,16
3553,67,16
3554,67,16
3555,67,16
3556,68,16
3557,68,17
3558,68,17
3559,68,17
3560,68,17
3561,68,17
3562,65,17
3563,65,17
3564,64,17
3565,64,18
3566,64,18
3567,64,18
3568,64,18
3569,64,18
3570,64,18
3571,64,18
3572,64,18
3573,64,18
3574,64,18
3575,64,18
3576,64,18
3577,64,18
3578,65,18
3579,65,18
3580,65,18
3581,65,18
3582,65,18
3583,65,18
3584,65,18
3585,65,18
3586,65,18
3587,65,18
3588,65,18
3589,65,18
3590,65,18
3591,65,18
3592,65,18
3593,65,18
3594,65,19
3595,65,19
3596,65,19
3597,65,19
3598,64,19
3599,64,19
3600,64,19
3601,64,19
3602,63,19
3603,63,19
3604,63,19
3605,63,19
3606,63,19
3607,63,18
3608,63,18
3609,63,18
3610,63,18
3611,63,18
3612,63,18
3613,63,18
3614,63,18
3615,63,18
3616,64,18
3617,64,18
3618,63,18
3619,63,18
3620,63,18
3621,63,18
3622,62,18
3623,62,19
3624,62,19
3625,62,19
3626,62,19
3627,62,19
3628,64,19
3629,64,19
3630,65,19
3631,65,19
3632,65,19
3633,65,19
3634,65,19
3635,65,19
3636,65,18
3637,65,18
3638,65,18
3639,65,19
3640,64,19
3641,64,19
3642,64,18
3643,64,18
3644,63,18
3645,63,19
3646,63,19
3647,63,19
3648,63,19
3649,63,19
3650,63,19
3651,63,19
3652,63,19
3653,63,19
3654,64,19
3655,64,19
3656,64,20
3657,64,20
3658,64,20
3659,64,20
3660,64,20
3661,64,20
3662,63,20
3663,63,20
3664,63,20
3665,63,20
3666,63,20
3667,63,20
3668,63,20
3669,63,20
3670,63,20
3671,63,20
3672,63,20
3673,63,20
3674,63,20
3675,63,20
3676,63,20
3677,63,20
3678,63,20
3679,63,20
3680,63,20
3681,63,20
3682,63,20
3683,63,20
3684,63,20
3685,63,20
3686,63,20
3687,63,20
3688,62,20
3689,62,20
3690,62,20
3691,62,20
3692,63,20
3693,63,20
3694,64,19
3695,64,19
3696,64,19
3697,64,19
3698,64,20
3699,64,20
3700,64,20
3701,64,20
3702,65,19
3703,65,19
3704,65,19
3705,65,19
3706,65,19
3707,65,19
3708,65,19
3709,65,19
3710,66,19
3711,66,19
3712,66,19
3713,66,19
3714,67,20
3715,67,20
3716,67,20
3717,67,19
3718,65,19
3719,65,19
3720,65,19
3721,65,19
3722,65,19
3723,65,20
3724,66,20
3725,66,20
3726,66,20
3727,66,19
3728,66,19
3729,66,19
3730,66,19
3731,66,19
3732,65,19
3733,65,19
3734,64,19
3735,64,19
3736,64,19
3737,64,19
3738,64,19
3739,64,19
3740,64,19
3741,64,19
3742,64,19
3743,64,19
3744,65,19
3745,65,19
3746,71,19
3747,71,18
3748,72,18
3749,72,18
3750,72,18
3751,72,18
3752,71,17
3753,71,17
3754,71,17
3755,71,17
3756,69,17
3757,69,17
3758,67,17
3759,67,16
3760,67,16
3761,67,16
3762,65,16
3763,65,16
3764,65,16
3765,65,16
3766,63,16
3767,63,16
3768,63,16
3769,63,16
3770,62,16
3771,62,16
3772,62,16
3773,62,16
3774,62,16
3775,62,16
3776,62,16
3777,62,16
3778,62,16
3779,62,16
3780,63,16
3781,63,16
3782,63,16
3783,63,16
3784,64,16
3785,64,16
3786,64,16
3787,64,16
3788,64,16
3789,64,16
3790,64,16
3791,64,16
3792,64,16
3793,64,16
3794,65,16
3795,65,16
3796,65,16
3797,65,16
3798,65,17
3799,65,17
3800,65,17
3801,65,17
3802,65,18
3803,65,18
3804,65,18
3805,65,18
3806,66,18
3807,66,18
3808,67,18
3809,67,18
3810,67,18
3811,67,19
3812,67,19
3813,67,19
3814,69,19
3815,69,19
3816,69,19
3817,69,19
3818,67,18
3819,67,18
3820,67,18
3821,67,19
3822,66,19
3823,66,19
3824,66,19
3825,66,19
3826,66,19
3827,66,19
3828,67,19
3829,67,19
3830,67,19
3831,67,19
3832,68,19
3833,68,19
3834,67,19
3835,67,19
3836,66,19
3837,66,19
3838,65,19
3839,65,19
3840,65,19
3841,65,19
3842,65,19
3843,65,19
3844,65,19
3845,65,19
3846,63,19
3847,63,19
3848,65,19
3849,65,19
3850,63,19
3851,63,19
3852,64,19
3853,64,19
3854,64,18
3855,64,18
3856,64,19
3857,64,19
3858,64,19
3859,64,19
3860,64,19
3861,64,19
3862,64,19
3863,64,18
3864,65,18
3865,65,18
3866,66,19
3867,66,19
3868,66,19
3869,66,19
3870,66,19
3871,66,19
3872,66,18
3873,66,18
3874,66,18
3875,66,18
3876,66,18
3877,66,18
3878,66,18
3879,66,18
3880,66,18
3881,66,18
3882,66,18
3883,66,18
3884,66,19
3885,66,19
3886,65,19
3887,65,19
3888,65,19
3889,65,19
3890,65,19
3891,65,19
3892,65,19
3893,65,19
3894,65,19
3895,65,19
3896,65,19
3897,65,19
3898,65,19
3899,65,19
3900,65,19
3901,65,19
3902,65,19
3903,65,19
3904,64,19
3905,64,19
3906,64,19
3907,64,19
3908,65,19
3909,65,19
3910,63,19
3911,63,19
3912,63,19
3913,63,19
3914,64,19
3915,64,19
3916,64,19
3917,64,19
3918,64,19
3919,64,19
3920,64,19
3921,64,19
3922,64,19
3923,64,19
3924,64,19
3925,64,19
3926,65,19
3927,65,19
3928,65,19
3929,65,19
3930,66,19
3931,66,19
3932,66,19
3933,66,19
3934,66,19
3935,66,19
3936,66,20
3937,66,20
3938,65,20
3939,65,20
3940,65,20
3941,65,20
3942,65,20
3943,65,20
3944,65,20
3945,65,20
3946,64,20
3947,64,20
3948,64,20
3949,64,20
3950,66,20
3951,66,20
3952,66,20
3953,66,20
3954,64,20
3955,64,20
3956,65,20
3957,65,20
3958,65,20
3959,65,20
3960,65,20
3961,65,20
3962,65,20
3963,65,20
3964,65,20
3965,65,20
3966,66,20
3967,66,20
3968,66,20
3969,66,20
3970,66,20
3971,66,20
3972,66,20
3973,66,20
3974,67,20
3975,67,20
3976,67,20
3977,67,20
3978,67,20
3979,67,19
3980,67,19
3981,67,19
3982,67,19
3983,67,19
3984,65,19
3985,65,19
3986,65,19
3987,65,19
3988,65,19
3989,65,19
3990,65,19
3991,65,19
3992,65,18
3993,65,18
3994,65,18
3995,65,19
3996,65,19
3997,65,19
3998,63,19
3999,63,19
4000,63,19
4001,63,19
4002,62,19
4003,62,19
4004,62,19
4005,62,19
4006,63,19
4007,63,19
4008,65,19
4009,65,19
4010,65,19
4011,65,19
4012,65,19
4013,65,19
4014,65,19
4015,65,19
4016,65,19
4017,65,18
4018,65,18
4019,65,18
4020,64,19
4021,64,19
4022,64,19
4023,64,19
4024,64,19
4025,64,19
4026,64,19
4027,64,19
4028,65,19
4029,65,19
4030,66,19
4031,66,19
4032,66,19
4033,66,19
4034,67,19
4035,67,19
4036,68,19
4037,68,19
4038,74,19
4039,74,19
4040,75,19
4041,75,20
4042,75,20
4043,75,20
4044,75,20
4045,75,20
4046,76,20
4047,76,20
4048,75,19
4049,75,19
4050,77,20
4051,77,20
4052,77,20
4053,77,20
4054,76,20
4055,76,20
4056,75,20
4057,75,19
4058,75,19
4059,75,19
4060,64,19
4061,64,19
4062,64,19
4063,64,19
4064,64,19
4065,64,19
4066,67,19
4067,67,19
4068,67,19
4069,67,19
4070,67,19
4071,67,19
4072,65,19
4073,65,19
4074,65,19
4075,65,19
4076,65,19
4077,65,19
4078,68,19
4079,68,19
4080,68,19
4081,68,19
4082,68,19
4083,68,19
4084,69,19
4085,69,19
4086,69,19
4087,69,19
4088,69,19
4089,69,19
4090,69,18
4091,69,18
4092,69,18
4093,69,18
4094,69,18
4095,69,18
4096,67,19
4097,67,19
4098,67,19
4099,67,19
4100,67,18
4101,67,18
4102,67,18
4103,67,18
4104,67,18
4105,67,18
4106,67,18
4107,67,18
4108,66,18
4109,66,18
4110,65,19
4111,65,19
4112,65,19
4113,65,18
4114,65,18
4115,65,18
4116,65,18
4117,65,18
4118,65,18
4119,65,18
4120,64,18
4121,64,18
4122,64,18
4123,64,18
4124,64,18
4125,64,18
4126,65,18
4127,65,18
4128,65,18
4129,65,18
4130,68,18
4131,68,18
4132,68,18
4133,68,18
4134,68,19
4135,68,19
4136,69,19
4137,69,19
4138,69,19
4139,69,19
4140,69,19
4141,69,19
4142,69,19
4143,69,19
4144,70,19
4145,70,18
4146,70,18
4147,70,18
4148,70,19
4149,70,19
4150,69,19
4151,69,19
4152,68,19
4153,68,19
4154,68,19
4155,68,19
4156,69,19
4157,69,19
4158,69,19
4159,69,19
4160,70,19
4161,70,19
4162,70,19
4163,70,19
4164,70,19
4165,70,19
4166,70,19
4167,70,19
4168,70,19
4169,70,19
4170,68,19
4171,68,19
4172,68,19
4173,68,19
4174,68,18
4175,68,18
4176,68,18
4177,68,18
4178,69,18
4179,69,18
4180,69,19
4181,69,19
4182,69,19
4183,69,19
4184,69,18
4185,69,18
4186,68,18
4187,68,18
4188,68,18
4189,68,19
4190,67,19
4191,67,19
4192,67,19
4193,67,19
4194,67,19
4195,67,19
4196,67,19
4197,67,19
4198,67,19
4199,67,19
4200,65,19
4201,65,19
4202,65,19
4203,65,19
4204,65,19
4205,65,20
4206,66,20
4207,66,20
4208,66,20
4209,66,20
4210,66,20
4211,66,20
4212,66,20
4213,66,20
4214,66,21
4215,66,21
4216,66,21
4217,66,21
4218,64,21
4219,64,21
4220,64,21
4221,64,21
4222,64,21
4223,64,21
4224,65,21
4225,65,22
4226,66,22
4227,66,22
4228,66,22
4229,66,22
4230,66,22
4231,66,22
4232,66,22
4233,66,22
4234,67,22
4235,67,22
4236,67,22
4237,67,23
4238,67,23
4239,67,23
4240,67,23
4241,67,23
4242,67,23
4243,67,23
4244,66,23
4245,66,22
4246,65,22
4247,65,22
4248,65,22
4249,65,22
4250,65,22
4251,65,22
4252,65,22
4253,65,22
4254,65,22
4255,65,23
4256,64,23
4257,64,23
4258,64,23
4259,64,22
4260,64,22
4261,64,22
4262,64,22
4263,64,22
4264,64,22
4265,64,21
4266,63,21
4267,63,21
4268,64,21
4269,64,21
4270,63,20
4271,63,20
4272,63,20
4273,63,20
4274,61,20
4275,61,20
4276,61,20
4277,61,20
4278,60,20
4279,60,20
4280,60,20
4281,60,20
4282,60,20
4283,60,19
4284,60,19
4285,60,19
4286,60,19
4287,60,19
4288,60,19
4289,60,19
4290,61,19
4291,61,19
4292,61,19
4293,61,18
4294,61,18
4295,61,18
4296,61,17
4297,61,17
4298,62,17
4299,62,17
4300,63,17
4301,63,17
4302,63,17
4303,63,17
4304,63,17
4305,63,17
4306,68,17
4307,68,17
4308,68,17
4309,68,17
4310,68,16
4311,68,16
4312,68,16
4313,68,16
4314,66,16
4315,66,16
4316,65,16
4317,65,16
4318,65,17
4319,65,17
4320,65,17
4321,65,17
4322,65,17
4323,65,17
4324,63,17
4325,63,17
4326,63,16
4327,63,16
4328,63,16
4329,63,17
4330,64,17
4331,64,17
4332,64,17
4333,64,17
4334,64,17
4335,64,16
4336,64,16
4337,64,16
4338,64,16
4339,64,16
4340,64,16
4341,64,16
4342,64,17
4343,64,17
4344,64,18
4345,64,18
4346,64,18
4347,64,18
4348,65,18
4349,65,18
4350,65,18
4351,65,18
4352,66,18
4353,66,18
4354,66,18
4355,66,18
4356,66,18
4357,66,18
4358,66,19
4359,66,19
4360,66,19
4361,66,20
4362,66,20
4363,66,20
4364,66,20
4365,66,20
4366,66,20
4367,66,20
4368,67,20
4369,67,20
4370,76,20
4371,76,20
4372,76,20
4373,76,20
4374,76,20
4375,76,20
4376,74,20
4377,74,20
4378,73,20
4379,73,19
4380,71,19
4381,71,19
4382,70,19
4383,70,19
4384,66,19
4385,66,19
4386,65,19
4387,65,20
4388,65,20
4389,65,20
4390,65,20
4391,65,20
4392,65,20
4393,65,20
4394,65,20
4395,65,20
4396,64,19
4397,64,19
4398,63,19
4399,63,19
4400,63,19
4401,63,19
4402,63,19
4403,63,19
4404,63,19
4405,63,19
4406,63,19
4407,63,19
4408,63,19
4409,63,19
4410,63,18
4411,63,18
4412,63,18
4413,63,18
4414,63,18
4415,63,18
4416,63,18
4417,63,18
4418,63,18
4419,63,18
4420,64,18
4421,64,18
4422,64,18
4423,64,18
4424,64,18
4425,64,18
4426,64,19
4427,64,19
4428,64,19
4429,64,18
4430,64,18
4431,64,18
4432,64,19
4433,64,19
4434,64,19
4435,64,19
4436,64,18
4437,64,18
4438,64,18
4439,64,18
4440,64,18
4441,64,18
4442,64,18
4443,64,18
4444,65,18
4445,65,18
4446,65,18
4447,65,19
4448,65,19
4449,65,19
4450,65,19
4451,65,19
4452,65,19
4453,65,19
4454,66,19
4455,66,20
4456,67,20
4457,67,20
4458,68,20
4459,68,20
4460,68,20
4461,68,19
4462,68,19
4463,68,19
4464,69,20
4465,69,20
4466,68,20
4467,68,20
4468,67,20
4469,67,20
4470,65,20
4471,65,20
4472,65,20
4473,65,20
4474,65,20
4475,65,20
4476,65,20
4477,65,20
4478,65,20
4479,65,20
4480,67,20
4481,67,20
4482,67,21
4483,67,21
4484,67,21
4485,67,21
4486,68,21
4487,68,21
4488,69,21
4489,69,21
4490,70,21
4491,70,21
4492,70,21
4493,70,21
4494,70,21
4495,70,21
4496,69,21
4497,69,21
4498,68,21
4499,68,21
4500,68,21
4501,68,21
4502,68,22
4503,68,22
4504,67,22
4505,67,22
4506,67,22
4507,67,22
4508,66,22
4509,66,23
4510,66,23
4511,66,23
4512,65,23
4513,65,22
4514,65,22
4515,65,22
4516,65,22
4517,65,22
4518,65,22
4519,65,23
4520,65,23
4521,65,22
4522,65,22
4523,65,22
4524,65,22
4525,65,22
4526,65,22
4527,65,22
4528,65,22
4529,65,22
4530,65,22
4531,65,22
4532,66,22
4533,66,22
4534,65,22
4535,65,22
4536,65,22
4537,65,22
4538,65,22
4539,65,22
4540,65,22
4541,65,22
4542,65,22
4543,65,22
4544,65,22
4545,65,22
4546,66,22
4547,66,22
4548,66,22
4549,66,22
4550,66,22
4551,66,22
4552,65,23
4553,65,23
4554,64,23
4555,64,23
4556,64,23
4557,64,23
4558,63,23
4559,63,23
4560,63,23
4561,63,23
4562,61,23
4563,61,23
4564,61,23
4565,61,23
4566,61,22
4567,61,22
4568,61,22
4569,61,22
4570,61,22
4571,61,23
4572,61,23
4573,61,23
4574,61,23
4575,61,23
4576,61,23
4577,61,22
4578,61,22
4579,61,22
4580,62,22
4581,62,22
4582,62,22
4583,62,22
4584,62,22
4585,62,22
4586,62,22
4587,62,22
4588,62,22
4589,62,22
4590,64,22
4591,64,21
4592,64,21
4593,64,22
4594,64,22
4595,64,22
4596,64,21
4597,64,21
4598,64,21
4599,64,21
4600,64,21
4601,64,21
4602,65,21
4603,65,21
4604,65,21
4605,65,21
4606,66,21
4607,66,21
4608,66,21
4609,66,21
4610,65,21
4611,65,21
4612,64,21
4613,64,21
4614,64,21
4615,64,21
4616,64,21
4617,64,21
4618,64,21
4619,64,21
4620,66,21
4621,66,21
4622,66,21
4623,66,20
4624,66,20
4625,66,20
4626,66,21
4627,66,21
4628,65,21
4629,65,21
4630,65,21
4631,65,21
4632,65,20
4633,65,20
4634,65,20
4635,65,20
4636,66,20
4637,66,20
4638,66,20
4639,66,20
4640,66,20
4641,66,20
4642,66,21
4643,66,21
4644,66,22
4645,66,22
4646,65,22
4647,65,22
4648,65,22
4649,65,22
4650,65,22
4651,65,22
4652,65,22
4653,65,22
4654,70,22
4655,70,22
4656,74,22
4657,74,22
4658,74,23
4659,74,23
4660,67,23
4661,67,23
4662,67,23
4663,67,23
4664,67,23
4665,67,23
4666,69,21
4667,69,21
4668,69,21
4669,69,21
4670,74,21
4671,74,21
4672,75,21
4673,75,21
4674,74,21
4675,74,21
4676,74,21
4677,74,21
4678,74,21
4679,74,21
4680,76,21
4681,76,21
4682,77,21
4683,77,21
4684,80,21
4685,80,21
4686,80,21
4687,80,20
4688,78,20
4689,78,20
4690,72,20
4691,72,19
4692,72,19
4693,72,19
4694,68,19
4695,68,18
4696,68,18
4697,68,18
4698,68,18
4699,68,18
4700,68,18
4701,68,18
4702,68,18
4703,68,18
4704,68,18
4705,68,18
4706,66,17
4707,66,17
4708,64,17
4709,64,17
4710,64,17
4711,64,17
4712,64,17
4713,64,17
4714,66,17
4715,66,18
4716,66,18
4717,66,18
4718,66,18
4719,66,18
4720,66,18
4721,66,18
4722,64,17
4723,64,17
4724,64,17
4725,64,17
4726,64,17
4727,64,17
4728,66,17
4729,66,17
4730,66,17
4731,66,17
4732,66,17
4733,66,17
4734,67,17
4735,67,17
4736,67,17
4737,67,17
4738,69,17
4739,69,17
4740,69,17
4741,69,17
4742,69,17
4743,69,17
4744,69,17
4745,69,17
4746,69,17
4747,69,17
4748,68,19
4749,68,19
4750,68,19
4751,68,19
4752,65,19
4753,65,19
4754,64,19
4755,64,19
4756,64,19
4757,64,19
4758,64,19
4759,64,19
4760,64,19
4761,64,19
4762,64,19
4763,64,19
4764,64,19
4765,64,19
4766,64,19
4767,64,19
4768,64,19
4769,64,19
4770,63,19
4771,63,19
4772,63,19
4773,63,20
4774,64,20
4775,64,20
4776,64,20
4777,64,20
4778,64,20
4779,64,20
4780,64,20
4781,64,20
4782,64,20
4783,64,20
4784,64,20
4785,64,20
4786,64,20
4787,64,20
4788,64,20
4789,64,20
4790,65,20
4791,65,20
4792,65,20
4793,65,20
4794,64,20
4795,64,19
4796,64,19
4797,64,19
4798,64,19
4799,64,19
4800,63,19
4801,63,19
4802,63,19
4803,63,19
4804,63,19
4805,63,19
4806,63,19
4807,63,19
4808,62,19
4809,62,19
4810,62,19
4811,62,19
4812,62,19
4813,62,19
4814,62,19
4815,62,19
4816,62,19
4817,62,19
4818,62,18
4819,62,18
4820,63,18
4821,63,19
4822,63,19
4823,63,19
4824,63,19
4825,63,19
4826,63,19
4827,63,19
4828,70,18
4829,70,18
4830,70,18
4831,70,19
4832,70,19
4833,70,19
4834,67,19
4835,67,19
4836,67,19
4837,67,17
4838,67,17
4839,67,17
4840,67,17
4841,67,17
4842,67,17
4843,67,17
4844,67,17
4845,67,17
4846,65,17
4847,65,17
4848,65,17
4849,65,17
4850,64,17
4851,64,17
4852,64,17
4853,64,17
4854,64,17
4855,64,18
4856,64,18
4857,64,18
4858,64,18
4859,64,18
4860,64,18
4861,64,18
4862,64,18
4863,64,18
4864,64,18
4865,64,18
4866,62,18
4867,62,18
4868,62,18
4869,62,18
4870,62,18
4871,62,18
4872,62,18
4873,62,18
4874,63,18
4875,63,18
4876,63,18
4877,63,18
4878,63,18
4879,63,18
4880,63,18
4881,63,18
4882,63,20
4883,63,20
4884,64,20
4885,64,20
4886,64,19
4887,64,19
4888,64,19
4889,64,19
4890,64,19
4891,64,19
4892,64,19
4893,64,19
4894,63,19
4895,63,19
4896,63,19
4897,63,19
4898,63,19
4899,63,19
4900,65,19
4901,65,19
4902,65,19
4903,65,19
4904,65,19
4905,65,19
4906,65,19
4907,65,19
4908,64,19
4909,64,19
4910,64,19
4911,64,19
4912,64,19
4913,64,19
4914,64,19
4915,64,19
4916,64,20
4917,64,20
4918,64,20
4919,64,20
4920,64,19
4921,64,19
4922,64,20
4923,64,20
4924,64,20
4925,64,20
4926,64,19
4927,64,19
4928,65,19
4929,65,19
4930,67,19
4931,67,19
4932,67,19
4933,67,19
4934,66,19
4935,66,19
4936,66,19
4937,66,19
4938,66,19
4939,66,19
4940,66,19
4941,66,19
4942,66,19
4943,66,19
4944,65,19
4945,65,19
4946,63,19
4947,63,19
4948,63,19
4949,63,18
4950,63,18
4951,63,18
4952,63,18
4953,63,18
4954,64,18
4955,64,18
4956,64,18
4957,64,18
4958,65,18
4959,65,18
4960,65,18
4961,65,18
4962,65,18
4963,65,18
4964,65,18
4965,65,18
4966,65,18
4967,65,17
4968,66,17
4969,66,17
4970,66,17
4971,66,17
4972,69,17
4973,69,17
4974,69,17
4975,69,17
4976,69,17
4977,69,17
4978,68,17
4979,68,17
4980,67,17
4981,67,17
4982,67,17
4983,67,17
4984,67,17
4985,67,17
4986,67,17
4987,67,17
4988,66,18
4989,66,18
4990,66,18
4991,66,18
4992,64,18
4993,64,18
4994,64,18
4995,64,18
4996,65,19
4997,65,19
4998,66,19
4999,66,19
5000,65,19
5001,65,19
5002,65,19
5003,65,19
5004,65,19
5005,65,19
5006,65,19
5007,65,19
5008,63,19
5009,63,19
5010,63,19
5011,63,19
5012,63,19
5013,63,20
5014,64,20
5015,64,21
5016,64,21
5017,64,21
5018,64,21
5019,64,21
5020,64,21
5021,64,21
5022,64,21
5023,64,21
5024,63,21
5025,63,21
5026,63,21
5027,63,21
5028,63,21
5029,63,22
5030,63,22
5031,63,22
5032,63,22
5033,63,22
5034,63,22
5035,63,22
5036,63,22
5037,63,22
5038,63,22
5039,63,22
5040,63,22
5041,63,22
5042,63,22
5043,63,22
5044,64,22
5045,64,22
5046,65,22
5047,65,22
5048,65,22
5049,65,22
5050,65,22
5051,65,22
5052,65,22
5053,65,22
5054,65,22
5055,65,22
5056,65,22
5057,65,22
5058,65,22
5059,65,22
5060,65,22
5061,65,22
5062,65,22
5063,65,21
5064,64,21
5065,64,21
5066,64,21
5067,64,21
5068,62,21
5069,62,21
5070,61,21
5071,61,21
5072,61,21
5073,61,20
5074,61,20
5075,61,20
5076,61,20
5077,61,20
5078,61,20
5079,61,20
5080,61,20
5081,61,20
5082,63,20
5083,63,20
5084,63,20
5085,63,20
5086,65,20
5087,65,20
5088,65,20
5089,65,20
5090,65,20
5091,65,20
5092,65,20
5093,65,20
5094,65,20
5095,65,20
5096,66,20
5097,66,20
5098,66,20
5099,66,20
5100,66,20
5101,66,20
5102,66,20
5103,66,20
5104,66,20
5105,66,20
5106,64,20
5107,64,20
5108,63,20
5109,63,20
5110,63,20
5111,63,20
5112,63,20
5113,63,20
5114,63,20
5115,63,20
5116,63,20
5117,63,20
5118,63,20
5119,63,20
5120,63,20
5121,63,20
5122,63,21
5123,63,21
5124,63,21
5125,63,21
5126,63,21
5127,63,21
5128,64,21
5129,64,20
5130,64,20
5131,64,20
5132,64,20
5133,64,20
5134,64,20
5135,64,20
5136,65,20
5137,65,20
5138,66,20
5139,66,20
5140,66,20
5141,66,20
5142,66,20
5143,66,20
5144,66,20
5145,66,20
5146,66,20
5147,66,20
5148,66,20
5149,66,20
5150,66,20
5151,66,20
5152,69,20
5153,69,20
5154,69,20
5155,69,20
5156,69,20
5157,69,20
5158,77,20
5159,77,19
5160,77,19
5161,77,19
5162,71,19
5163,71,19
5164,69,19
5165,69,19
5166,69,19
5167,69,19
5168,69,19
5169,69,19
5170,70,19
5171,70,19
5172,70,19
5173,70,19
5174,70,19
5175,70,19
5176,70,19
5177,70,19
5178,66,19
5179,66,19
5180,63,18
5181,63,18
5182,63,18
5183,63,18
5184,63,18
5185,63,18
5186,63,18
5187,63,17
5188,63,17
5189,63,17
5190,63,17
5191,63,17
5192,63,17
5193,63,17
5194,64,17
5195,64,17
5196,68,17
5197,68,17
5198,68,17
5199,68,17
5200,68,17
5201,68,17
5202,65,17
5203,65,17
5204,64,17
5205,64,17
5206,64,17
5207,64,17
5208,63,17
5209,63,18
5210,63,18
5211,63,18
5212,63,18
5213,63,17
5214,63,17
5215,63,17
5216,62,18
5217,62,18
5218,61,18
5219,61,18
5220,61,18
5221,61,18
5222,61,18
5223,61,18
5224,61,18
5225,61,18
5226,64,16
5227,64,16
5228,65,16
5229,65,16
5230,65,16
5231,65,16
5232,65,17
5233,65,17
5234,65,17
5235,65,17
5236,67,17
5237,67,17
5238,66,17
5239,66,17
5240,66,17
5241,66,17
5242,66,17
5243,66,17
5244,68,17
5245,68,17
5246,66,17
5247,66,17
5248,66,17
5249,66,17
5250,68,17
5251,68,17
5252,68,17
5253,68,17
5254,68,17
5255,68,17
5256,68,17
5257,68,17
5258,68,17
5259,68,17
5260,68,17
5261,68,17
5262,69,17
5263,69,17
5264,68,17
5265,68,18
5266,68,18
5267,68,18
5268,68,18
5269,68,18
5270,68,18
5271,68,18
5272,68,18
5273,68,19
5274,73,19
5275,73,20
5276,73,20
5277,73,20
5278,73,20
5279,73,20
5280,70,20
5281,70,20
5282,67,20
5283,67,20
5284,64,20
5285,64,20
5286,64,20
5287,64,20
5288,64,20
5289,64,20
5290,64,20
5291,64,20
5292,63,20
5293,63,20
5294,63,20
5295,63,20
5296,63,20
5297,63,20
5298,63,20
5299,63,20
5300,63,20
5301,63,20
5302,65,20
5303,65,20
5304,65,20
5305,65,20
5306,65,20
5307,65,20
5308,65,20
5309,65,20
5310,65,20
5311,65,20
5312,64,20
5313,64,20
5314,64,20
5315,64,20
5316,64,20
5317,64,20
5318,63,20
5319,63,20
5320,63,20
5321,63,19
5322,63,19
5323,63,19
5324,63,20
5325,63,20
5326,64,20
5327,64,20
5328,64,20
5329,64,20
5330,64,20
5331,64,21
5332,65,21
5333,65,21
5334,65,21
5335,65,21
5336,66,21
5337,66,19
5338,66,19
5339,66,19
5340,65,19
5341,65,19
5342,61,19
5343,61,19
5344,61,19
5345,61,19
5346,61,19
5347,61,19
5348,66,19
5349,66,19
5350,66,19
5351,66,19
5352,66,19
5353,66,19
5354,65,20
5355,65,20
5356,65,20
5357,65,20
5358,65,20
5359,65,20
5360,65,20
5361,65,20
5362,64,20
5363,64,20
5364,63,20
5365,63,20
5366,62,20
5367,62,20
5368,62,20
5369,62,20
5370,63,20
5371,63,20
5372,63,20
5373,63,20
5374,64,20
5375,64,20
5376,64,20
5377,64,20
5378,63,20
5379,63,21
5380,64,21
5381,64,22
5382,64,22
5383,64,22
5384,63,22
5385,63,22
5386,63,22
5387,63,22
5388,63,22
5389,63,22
5390,63,22
5391,63,22
5392,63,22
5393,63,22
5394,64,22
5395,64,22
5396,64,22
5397,64,22
5398,64,22
5399,64,22
5400,64,22
5401,64,22
5402,64,22
5403,64,22
5404,64,22
5405,64,22
5406,64,22
5407,64,22
5408,64,22
5409,64,22
5410,64,22
5411,64,22
5412,62,22
5413,62,21
5414,62,21
5415,62,21
5416,61,21
5417,61,21
5418,61,21
5419,61,21
5420,61,21
5421,61,21
5422,61,20
5423,61,20
5424,61,20
5425,61,20
5426,61,20
5427,61,21
5428,61,21
5429,61,21
5430,62,20
5431,62,20
5432,62,20
5433,62,20
5434,62,20
5435,62,20
5436,62,20
5437,62,20
5438,62,20
5439,62,20
5440,62,20
5441,62,20
5442,62,19
5443,62,19
5444,63,19
5445,63,19
5446,63,19
5447,63,19
5448,63,19
5449,63,19
5450,62,19
5451,62,19
5452,62,19
5453,62,20
5454,62,20
5455,62,20
5456,63,20
5457,63,20
5458,63,20
5459,63,20
5460,63,20
5461,63,20
5462,64,20
5463,64,20
5464,64,21
5465,64,21
5466,62,21
5467,62,21
5468,63,21
5469,63,21
5470,63,20
5471,63,20
5472,63,21
5473,63,21
5474,63,21
5475,63,21
5476,63,21
5477,63,21
5478,64,20
5479,64,20
5480,64,20
5481,64,20
5482,64,20
5483,64,20
5484,62,20
5485,62,20
5486,62,20
5487,62,20
5488,62,18
5489,62,18
5490,62,18
5491,62,18
5492,64,18
5493,64,18
5494,64,18
5495,64,18
5496,64,18
5497,64,18
5498,64,18
5499,64,18
5500,66,18
5501,66,18
5502,64,18
5503,64,18
5504,63,18
5505,63,18
5506,61,18
5507,61,18
5508,61,18
5509,61,18
5510,61,18
5511,61,18
5512,61,18
5513,61,18
5514,61,17
5515,61,17
5516,62,17
5517,62,17
5518,62,17
5519,62,17
5520,62,17
5521,62,17
5522,62,17
5523,62,17
5524,62,17
5525,62,17
5526,62,17
5527,62,17
5528,63,17
5529,63,18
5530,63,18
5531,63,18
5532,63,18
5533,63,18
5534,68,17
5535,68,17
5536,73,17
5537,73,17
5538,83,17
5539,83,17
5540,84,17
5541,84,17
5542,85,17
5543,85,17
5544,84,17
5545,84,17
5546,84,17
5547,84,17
5548,83,17
5549,83,17
5550,78,17
5551,78,16
5552,78,16
5553,78,16
5554,64,16
5555,64,16
5556,63,16
5557,63,16
5558,63,16
5559,63,16
5560,63,16
5561,63,15
5562,63,15
5563,63,15
5564,63,16
5565,63,16
5566,63,16
5567,63,16
5568,63,17
5569,63,17
5570,62,17
5571,62,17
5572,61,17
5573,61,17
5574,61,17
5575,61,17
5576,62,17
5577,62,17
5578,63,17
5579,63,15
5580,62,15
5581,62,15
5582,62,15
5583,62,15
5584,62,15
5585,62,15
5586,61,15
5587,61,15
5588,61,15
5589,61,15
5590,61,15
5591,61,15
5592,61,15
5593,61,15
5594,61,15
5595,61,16
5596,61,16
5597,61,16
5598,62,16
5599,62,16
5600,62,16
5601,62,16
5602,62,16
5603,62,16
5604,61,16
5605,61,17
5606,61,17
5607,61,17
5608,62,17
5609,62,17
5610,63,17
5611,63,18
5612,62,18
5613,62,18
5614,62,18
5615,62,17
5616,62,17
5617,62,17
5618,64,17
5619,64,17
5620,64,17
5621,64,17
5622,63,17
5623,63,17
5624,64,17
5625,64,17
5626,64,17
5627,64,19
5628,65,19
5629,65,19
5630,65,18
5631,65,18
5632,65,19
5633,65,19
5634,65,19
5635,65,20
5636,65,20
5637,65,20
5638,66,20
5639,66,20
5640,66,20
5641,66,20
5642,67,20
5643,67,20
5644,67,20
5645,67,20
5646,68,20
5647,68,20
5648,68,20
5649,68,20
5650,68,20
5651,68,20
5652,68,20
5653,68,20
5654,72,20
5655,72,19
5656,73,19
5657,73,19
5658,76,19
5659,76,19
5660,76,19
5661,76,19
5662,76,19
5663,76,19
5664,72,19
5665,72,19
5666,70,19
5667,70,19
5668,70,19
5669,70,19
5670,68,18
5671,68,18
5672,66,18
5673,66,18
5674,65,18
5675,65,18
5676,64,18
5677,64,18
5678,64,18
5679,64,18
5680,64,18
5681,64,18
5682,64,18
5683,64,18
5684,65,18
5685,65,18
5686,65,18
5687,65,18
5688,65,18
5689,65,18
5690,65,18
5691,65,18
5692,63,18
5693,63,18
5694,63,18
5695,63,17
5696,63,17
5697,63,17
5698,63,17
5699,63,17
5700,63,17
5701,63,17
5702,62,17
5703,62,17
5704,62,17
5705,62,17
5706,63,17
5707,63,17
5708,63,17
5709,63,17
5710,63,17
5711,63,17
5712,63,17
5713,63,17
5714,63,17
5715,63,17
5716,63,18
5717,63,18
5718,63,18
5719,63,18
5720,63,18
5721,63,18
5722,63,18
5723,63,18
5724,63,18
5725,63,18
5726,63,18
5727,63,18
5728,63,18
5729,63,18
5730,63,18
5731,63,18
5732,63,18
5733,63,18
5734,63,18
5735,63,18
5736,62,18
5737,62,18
5738,63,18
5739,63,18
5740,64,18
5741,64,18
5742,63,18
5743,63,18
5744,63,18
5745,63,18
5746,63,18
5747,63,18
5748,63,19
5749,63,19
5750,63,19
5751,63,19
5752,64,19
5753,64,19
5754,65,19
5755,65,19
5756,65,19
5757,65,19
5758,65,19
5759,65,19
5760,65,19
5761,65,19
5762,64,19
5763,64,19
5764,64,19
5765,64,19
5766,64,19
5767,64,19
5768,64,20
5769,64,20
5770,64,20
5771,64,20
5772,66,20
5773,66,20
5774,68,20
5775,68,20
5776,68,20
5777,68,20
5778,68,20
5779,68,21
5780,67,21
5781,67,21
5782,67,21
5783,67,21
5784,70,21
5785,70,21
5786,70,21
5787,70,21
5788,70,21
5789,70,21
5790,70,21
5791,70,21
5792,67,21
5793,67,20
5794,66,20
5795,66,20
5796,65,20
5797,65,20
5798,65,20
5799,65,20
5800,65,20
5801,65,20
5802,65,20
5803,65,20
5804,65,20
5805,65,20
5806,65,20
5807,65,20
5808,65,20
5809,65,21
5810,65,21
5811,65,21
5812,65,20
5813,65,20
5814,63,20
5815,63,20
5816,63,20
5817,63,20
5818,63,20
5819,63,20
5820,64,20
5821,64,20
5822,66,20
5823,66,20
5824,66,20
5825,66,20
5826,66,20
5827,66,20
5828,66,20
5829,66,20
5830,69,20
5831,69,20
5832,69,20
5833,69,20
5834,69,22
5835,69,22
5836,67,22
5837,67,22
5838,67,22
5839,67,22
5840,67,21
5841,67,21
5842,67,21
5843,67,21
5844,67,21
5845,67,22
5846,67,22
5847,67,22
5848,67,22
5849,67,21
5850,67,21
5851,67,21
5852,66,21
5853,66,21
5854,66,21
5855,66,21
5856,66,21
5857,66,21
5858,66,21
5859,66,21
5860,66,21
5861,66,21
5862,66,21
5863,66,21
5864,67,21
5865,67,21
5866,70,21
5867,70,21
5868,74,21
5869,74,20
5870,74,20
5871,74,20
5872,80,20
5873,80,20
5874,80,20
5875,80,20
5876,76,20
5877,76,20
5878,76,19
5879,76,19
5880,76,20
5881,76,20
5882,73,20
5883,73,20
5884,73,19
5885,73,19
5886,72,20
5887,72,20
5888,68,20
5889,68,20
5890,68,20
5891,68,20
5892,67,20
5893,67,19
5894,67,19
5895,67,19
5896,68,19
5897,68,19
5898,68,19
5899,68,19
5900,68,19
5901,68,19
5902,68,19
5903,68,19
5904,68,19
5905,68,19
5906,68,19
5907,68,19
5908,68,19
5909,68,19
5910,68,19
5911,68,19
5912,68,19
5913,68,20
5914,68,20
5915,68,21
5916,68,21
5917,68,21
5918,68,20
5919,68,20
5920,68,20
5921,68,21
5922,68,21
5923,68,21
5924,67,21
5925,67,21
5926,67,21
5927,67,21
5928,67,21
5929,67,21
5930,68,21
5931,68,21
5932,68,21
5933,68,21
5934,68,21
5935,68,22
5936,67,22
5937,67,22
5938,67,22
5939,67,22
5940,67,22
5941,67,22
5942,68,22
5943,68,22
5944,68,22
5945,68,22
5946,68,22
5947,68,22
5948,70,22
5949,70,22
5950,70,22
5951,70,22
5952,71,22
5953,71,22
5954,71,22
5955,71,22
5956,71,22
5957,71,22
5958,71,22
5959,71,22
5960,69,22
5961,69,22
5962,69,22
5963,69,22
5964,69,22
5965,69,22
5966,70,22
5967,70,22
5968,70,22
5969,70,22
5970,70,22
5971,70,22
5972,65,22
5973,65,22
5974,65,22
5975,65,22
5976,65,22
5977,65,22
5978,65,22
5979,65,22
5980,65,22
5981,65,22
5982,66,22
5983,66,22
5984,68,22
5985,68,22
5986,68,22
5987,68,22
5988,68,22
5989,68,22
5990,67,22
5991,67,22
5992,67,21
5993,67,21
5994,67,21
5995,67,21
5996,68,20
5997,68,20
5998,68,20
5999,68,20
6000,68,20
6001,66,19
6002,66,18
6003,66,18
6004,66,18
6005,66,18
6006,66,18
6007,66,18
6008,66,18
6009,66,18
6010,67,18
6011,67,18
6012,67,18
6013,67,18
6014,67,18
6015,67,18
6016,67,18
6017,67,18
6018,68,18
6019,68,18
6020,68,18
6021,68,18
6022,68,18
6023,68,18
6024,66,18
6025,66,18
6026,66,18
6027,66,18
6028,66,17
6029,66,17
6030,65,17
6031,65,17
6032,64,17
6033,64,17
6034,64,18
6035,64,18
6036,63,18
6037,63,18
6038,63,18
6039,63,18
6040,63,18
6041,63,18
6042,63,18
6043,63,18
6044,63,18
6045,63,18
6046,63,18
6047,63,18
6048,62,18
6049,62,18
6050,62,18
6051,62,18
6052,62,18
6053,62,18
6054,63,18
6055,63,18
6056,63,18
6057,63,18
6058,63,18
6059,63,18
6060,63,18
6061,63,18
6062,63,18
6063,63,18
6064,63,18
6065,63,18
6066,61,18
6067,61,18
6068,61,18
6069,61,18
6070,61,18
6071,61,18
6072,61,18
6073,61,18
6074,61,18
6075,61,18
6076,61,18
6077,61,18
6078,61,18
6079,61,18
6080,63,18
6081,63,18
6082,63,18
6083,63,18
6084,63,18
6085,63,18
6086,64,18
6087,64,18
6088,64,18
6089,64,19
6090,64,19
6091,64,19
6092,62,19
6093,62,18
6094,62,18
6095,62,18
6096,62,18
6097,62,18
6098,62,18
6099,62,19
6100,62,19
6101,62,19
6102,61,19
6103,61,19
6104,61,19
6105,61,19
6106,61,19
6107,61,19
6108,60,19
6109,60,19
6110,60,19
6111,60,19
6112,60,19
6113,60,19
6114,60,19
6115,60,19
6116,60,19
6117,60,19
6118,62,19
6119,62,19
6120,64,19
6121,64,19
6122,64,19
6123,64,20
6124,64,20
6125,64,20
6126,65,20
6127,65,20
6128,65,20
6129,65,19
6130,65,19
6131,65,19
6132,64,19
6133,64,19
6134,64,19
6135,64,19
6136,64,19
6137,64,19
6138,64,19
6139,64,19
6140,64,19
6141,64,19
6142,64,19
6143,64,19
6144,65,19
6145,65,19
6146,65,19
6147,65,19
6148,65,19
6149,65,19
6150,65,19
6151,65,19
6152,65,19
6153,65,20
6154,64,20
6155,64,20
6156,64,20
6157,64,20
6158,64,20
6159,64,20
6160,64,20
6161,64,20
6162,64,20
6163,64,20
6164,64,20
6165,64,20
6166,63,20
6167,63,20
6168,63,20
6169,63,20
6170,63,20
6171,63,20
6172,63,20
6173,63,20
6174,63,20
6175,63,21
6176,64,21
6177,64,21
6178,64,21
6179,64,21
6180,64,21
6181,64,22
6182,64,22
6183,64,21
6184,64,21
6185,64,21
6186,64,21
6187,64,21
6188,64,21
6189,64,21
6190,64,21
6191,64,22
6192,64,22
6193,64,22
6194,64,22
6195,64,21
6196,64,21
6197,64,21
6198,64,21
6199,64,21
6200,64,21
6201,64,21
6202,63,21
6203,63,21
6204,64,21
6205,64,21
6206,64,21
6207,64,21
6208,65,21
6209,65,21
6210,65,21
6211,65,21
6212,65,21
6213,65,21
6214,65,21
6215,65,21
6216,65,21
6217,65,21
6218,64,21
6219,64,20
6220,62,20
6221,62,20
6222,62,20
6223,62,20
6224,63,20
6225,63,20
6226,62,20
6227,62,20
6228,62,20
6229,62,20
6230,62,20
6231,62,20
6232,63,19
6233,63,19
6234,63,19
6235,63,19
6236,63,19
6237,63,19
6238,64,19
6239,64,19
6240,66,19
6241,66,19
6242,67,19
6243,67,20
6244,68,20
6245,68,20
6246,68,20
6247,68,20
6248,64,20
6249,64,20
6250,64,20
6251,64,20
6252,64,20
6253,64,20
6254,65,20
6255,65,20
6256,65,20
6257,65,20
6258,66,20
6259,66,20
6260,66,20
6261,66,20
6262,67,20
6263,67,20
6264,67,20
6265,67,20
6266,67,21
6267,67,21
6268,67,21
6269,67,20
6270,67,20
6271,67,20
6272,67,20
6273,67,20
6274,66,20
6275,66,20
6276,65,20
6277,65,20
6278,65,20
6279,65,20
6280,66,20
6281,66,20
6282,66,20
6283,66,20
6284,65,20
6285,65,20
6286,65,20
6287,65,20
6288,65,20
6289,65,20
6290,66,20
6291,66,20
6292,66,20
6293,66,20
6294,67,20
6295,67,20
6296,67,20
6297,67,20
6298,67,20
6299,67,20
6300,67,20
6301,67,19
6302,68,19
6303,68,19
6304,68,19
6305,68,19
6306,67,19
6307,67,19
6308,67,19
6309,67,19
6310,67,19
6311,67,19
6312,67,19
6313,67,19
6314,66,19
6315,66,19
6316,66,19
6317,66,19
6318,66,19
6319,66,19
6320,65,19
6321,65,19
6322,64,19
6323,64,19
6324,64,19
6325,64,19
6326,64,19
6327,64,19
6328,65,19
6329,65,19
6330,65,19
6331,65,19
6332,65,19
6333,65,19
6334,67,19
6335,67,19
6336,67,19
6337,67,19
6338,67,19
6339,67,18
6340,66,18
6341,66,18
6342,66,18
6343,66,18
6344,64,18
6345,64,18
6346,64,18
6347,64,18
6348,64,19
6349,64,19
6350,65,19
6351,65,19
6352,65,19
6353,65,19
6354,67,19
6355,67,19
6356,70,19
6357,70,19
6358,75,19
6359,75,19
6360,75,19
6361,75,18
6362,75,18
6363,75,18
6364,73,18
6365,73,18
6366,73,18
6367,73,17
6368,73,17
6369,73,17
6370,74,17
6371,74,18
6372,74,18
6373,74,18
6374,72,17
6375,72,17
6376,70,17
6377,70,17
6378,70,17
6379,70,17
6380,71,17
6381,71,17
6382,71,17
6383,71,18
6384,71,18
6385,71,18
6386,68,18
6387,68,17
6388,68,17
6389,68,17
6390,67,18
6391,67,18
6392,67,18
6393,67,18
6394,68,18
6395,68,18
6396,68,18
6397,68,18
6398,68,18
6399,68,18
6400,68,18
6401,68,18
6402,68,18
6403,68,18
6404,68,18
6405,68,18
6406,68,20
6407,68,20
6408,67,20
6409,67,20
6410,67,19
6411,67,19
6412,68,19
6413,68,20
6414,69,20
6415,69,20
6416,69,20
6417,69,20
6418,69,20
6419,69,20
6420,68,20
6421,68,20
6422,68,19
6423,68,19
6424,68,19
6425,68,19
6426,68,19
6427,68,19
6428,68,19
6429,68,19
6430,67,19
6431,67,19
6432,66,19
6433,66,19
6434,66,19
6435,66,19
6436,66,19
6437,66,19
6438,66,19
6439,66,19
6440,66,19
6441,66,19
6442,66,19
6443,66,19
6444,66,19
6445,66,19
6446,64,18
6447,64,18
6448,64,18
6449,64,18
6450,64,18
6451,64,18
6452,65,18
6453,65,18
6454,65,18
6455,65,18
6456,66,18
6457,66,19
6458,66,19
6459,66,19
6460,66,19
6461,66,18
6462,67,18
6463,67,18
6464,67,19
6465,67,19
6466,67,20
6467,67,20
6468,67,20
6469,67,20
6470,68,20
6471,68,20
6472,68,20
6473,68,19
6474,68,19
6475,68,19
6476,68,19
6477,68,19
6478,68,19
6479,68,19
6480,68,19
6481,68,19
6482,67,19
6483,67,19
6484,67,19
6485,67,19
6486,67,19
6487,67,19
6488,66,19
6489,66,18
6490,66,18
6491,66,18
6492,66,19
6493,66,19
6494,66,19
6495,66,19
6496,66,19
6497,66,20
6498,66,20
6499,66,20
6500,66,20
6501,66,20
6502,66,20
6503,66,20
6504,66,19
6505,66,19
6506,64,19
6507,64,20
6508,64,20
6509,64,20
6510,66,20
6511,66,20
6512,66,19
6513,66,19
6514,66,19
6515,66,20
6516,66,20
6517,66,20
6518,66,20
6519,66,20
6520,67,21
6521,67,21
6522,67,21
6523,67,21
6524,68,21
6525,68,21
6526,70,21
6527,70,21
6528,70,21
6529,70,21
6530,70,21
6531,70,22
6532,70,22
6533,70,22
6534,70,22
6535,70,22
6536,70,22
6537,70,22
6538,71,22
6539,71,21
6540,72,21
6541,72,21
6542,71,21
6543,71,21
6544,71,21
6545,71,21
6546,69,21
6547,69,21
6548,69,20
6549,69,20
6550,69,20
6551,69,20
6552,69,20
6553,69,20
6554,69,20
6555,69,20
6556,68,20
6557,68,20
6558,67,20
6559,67,20
6560,67,20
6561,67,20
6562,67,20
6563,67,20
6564,68,19
6565,68,19
6566,68,19
6567,68,20
6568,69,20
6569,69,20
6570,69,20
6571,69,20
6572,73,20
6573,73,18
6574,73,18
6575,73,19
6576,73,19
6577,73,19
6578,73,18
6579,73,18
6580,72,18
6581,72,18
6582,72,18
6583,72,18
6584,72,18
6585,72,19
6586,67,19
6587,67,19
6588,65,18
6589,65,18
6590,65,18
6591,65,19
6592,65,19
6593,65,19
6594,65,19
6595,65,19
6596,65,19
6597,65,19
6598,66,20
6599,66,20
6600,66,20
6601,66,19
6602,66,19
6603,66,19
6604,66,19
6605,66,19
6606,66,19
6607,66,19
6608,66,19
6609,66,20
6610,67,20
6611,67,20
6612,67,20
6613,67,19
6614,67,19
6615,67,19
6616,66,21
6617,66,21
6618,65,20
6619,65,20
6620,65,20
6621,65,20
6622,65,20
6623,65,20
6624,66,20
6625,66,20
6626,66,20
6627,66,20
6628,67,19
6629,67,19
6630,67,19
6631,67,19
6632,66,19
6633,66,19
6634,67,20
6635,67,20
6636,67,20
6637,67,19
6638,67,19
6639,67,19
6640,67,20
6641,67,20
6642,67,20
6643,67,20
6644,67,20
6645,67,20
6646,67,20
6647,67,20
6648,69,20
6649,69,20
6650,70,20
6651,70,20
6652,70,20
6653,70,20
6654,70,20
6655,70,20
6656,67,21
6657,67,21
6658,67,21
6659,67,21
6660,67,21
6661,67,21
6662,67,21
6663,67,21
6664,67,22
6665,67,22
6666,67,22
6667,67,21
6668,67,21
6669,67,21
6670,67,21
6671,67,21
6672,68,21
6673,68,21
6674,68,21
6675,68,21
6676,68,21
6677,68,21
6678,69,21
6679,69,21
6680,69,21
6681,69,21
6682,67,21
6683,67,21
6684,67,21
6685,67,21
6686,67,21
6687,67,20
6688,66,20
6689,66,20
6690,66,20
6691,66,20
6692,66,20
6693,66,20
6694,66,20
6695,66,20
6696,66,20
6697,66,20
6698,74,19
6699,74,19
6700,74,19
6701,74,19
6702,74,19
6703,74,19
6704,67,19
6705,67,19
6706,67,19
6707,67,19
6708,66,18
6709,66,18
6710,64,18
6711,64,18
6712,64,18
6713,64,18
6714,64,18
6715,64,17
6716,64,17
6717,64,17
6718,64,18
6719,64,18
6720,64,18
6721,64,18
6722,64,18
6723,64,18
6724,63,17
6725,63,17
6726,62,17
6727,62,18
6728,62,18
6729,62,18
6730,63,18
6731,63,18
6732,64,18
6733,64,18
6734,64,18
6735,64,18
6736,64,18
6737,64,18
6738,63,18
6739,63,18
6740,63,18
6741,63,18
6742,65,18
6743,65,18
6744,65,18
6745,65,18
6746,65,19
6747,65,19
6748,70,19
6749,70,19
6750,78,19
6751,78,19
6752,76,19
6753,76,19
6754,76,17
6755,76,17
6756,76,17
6757,76,17
6758,74,17
6759,74,17
6760,74,18
6761,74,18
6762,73,18
6763,73,18
6764,73,18
6765,73,19
6766,72,19
6767,72,19
6768,72,18
6769,72,18
6770,69,18
6771,69,18
6772,69,18
6773,69,19
6774,68,19
6775,68,19
6776,67,19
6777,67,19
6778,67,19
6779,67,19
6780,66,19
6781,66,19
6782,66,19
6783,66,19
6784,66,19
6785,66,19
6786,66,19
6787,66,19
6788,66,19
6789,66,19
6790,65,19
6791,65,19
6792,65,19
6793,65,19
6794,65,19
6795,65,19
6796,65,21
6797,65,21
6798,65,21
6799,65,21
6800,65,21
6801,65,21
6802,62,21
6803,62,20
6804,62,20
6805,62,20
6806,62,20
6807,62,20
6808,64,20
6809,64,20
6810,64,20
6811,64,20
6812,64,20
6813,64,20
6814,65,20
6815,65,20
6816,65,19
6817,65,19
6818,65,19
6819,65,19
6820,65,19
6821,65,19
6822,65,19
6823,65,19
6824,64,19
6825,64,19
6826,64,19
6827,64,18
6828,64,18
6829,64,18
6830,64,18
6831,64,18
6832,64,18
6833,64,18
6834,67,18
6835,67,18
6836,67,18
6837,67,18
6838,66,18
6839,66,18
6840,66,19
6841,66,19
6842,64,19
6843,64,19
6844,64,19
6845,64,19
6846,63,19
6847,63,19
6848,63,19
6849,63,19
6850,63,19
6851,63,19
6852,70,19
6853,70,19
6854,73,19
6855,73,19
6856,74,18
6857,74,18
6858,74,18
6859,74,18
6860,73,18
6861,73,18
6862,71,18
6863,71,18
6864,69,18
6865,69,18
6866,69,18
6867,69,18
6868,65,18
6869,65,18
6870,64,18
6871,64,18
6872,64,18
6873,64,18
6874,63,18
6875,63,18
6876,63,18
6877,63,18
6878,64,18
6879,64,18
6880,64,18
6881,64,18
6882,64,18
6883,64,18
6884,64,18
6885,64,18
6886,64,18
6887,64,18
6888,64,18
6889,64,17
6890,63,17
6891,63,18
6892,62,18
6893,62,18
6894,63,18
6895,63,17
6896,63,17
6897,63,18
6898,63,18
6899,63,18
6900,63,18
6901,63,18
6902,63,18
6903,63,19
6904,63,19
6905,63,19
6906,63,19
6907,63,19
6908,62,19
6909,62,19
6910,62,19
6911,62,19
6912,63,19
6913,63,19
6914,64,19
6915,64,19
6916,64,19
6917,64,19
6918,64,19
6919,64,19
6920,65,19
6921,65,19
6922,65,19
6923,65,19
6924,65,19
6925,65,19
6926,65,19
6927,65,19
6928,65,19
6929,65,19
6930,65,19
6931,65,19
6932,65,19
6933,65,19
6934,66,20
6935,66,20
6936,66,20
6937,66,20
6938,66,19
6939,66,19
6940,66,19
6941,66,19
6942,66,19
6943,66,19
6944,64,19
6945,64,19
6946,64,20
6947,64,20
6948,64,20
6949,64,20
6950,63,20
6951,63,20
6952,63,20
6953,63,20
6954,63,20
6955,63,20
6956,63,20
6957,63,20
6958,63,20
6959,63,20
6960,63,20
6961,63,20
6962,62,20
6963,62,20
6964,62,20
6965,62,20
6966,62,20
6967,62,20
6968,62,20
6969,62,20
6970,61,20
6971,61,20
6972,61,20
6973,61,20
6974,61,20
6975,61,20
6976,61,20
6977,61,20
6978,61,20
6979,61,20
6980,62,20
6981,62,20
6982,62,20
6983,62,20
6984,62,20
6985,62,20
6986,62,20
6987,62,20
6988,64,20
6989,64,20
6990,64,20
6991,64,20
6992,64,20
6993,64,20
6994,64,20
6995,64,20
6996,65,20
6997,65,19
6998,65,19
6999,65,19
7000,65,19
7001,65,19
7002,65,19
7003,65,19
7004,65,19
7005,65,19
7006,65,19
7007,65,19
7008,65,19
7009,65,19
7010,65,19
7011,65,19
7012,65,19
7013,65,19
7014,65,19
7015,65,19
7016,65,19
7017,65,19
7018,64,19
7019,64,19
7020,64,19
7021,64,19
7022,64,19
7023,64,19
7024,65,19
7025,65,19
7026,67,19
7027,67,19
7028,69,20
7029,69,20
7030,72,20
7031,72,20
7032,72,20
7033,72,20
7034,72,20
7035,72,20
7036,72,20
7037,72,20
7038,68,20
7039,68,20
7040,64,19
7041,64,19
7042,64,19
7043,64,20
7044,65,20
7045,65,20
7046,66,20
7047,66,20
7048,66,20
7049,66,20
7050,66,20
7051,66,20
7052,66,20
7053,66,20
7054,66,20
7055,66,20
7056,66,21
7057,66,21
7058,66,21
7059,66,21
7060,66,21
7061,66,21
7062,66,21
7063,66,21
7064,66,21
7065,66,21
7066,66,21
7067,66,21
7068,67,21
7069,67,21
7070,67,21
7071,67,21
7072,67,21
7073,67,21
7074,67,21
7075,67,21
7076,67,21
7077,67,20
7078,65,20
7079,65,20
7080,64,20
7081,64,20
7082,65,20
7083,65,20
7084,65,20
7085,65,20
7086,82,20
7087,82,19
7088,83,19
7089,83,19
7090,87,19
7091,87,19
7092,87,19
7093,87,19
7094,87,19
7095,87,19
7096,85,19
7097,85,19
7098,81,19
7099,81,19
7100,80,19
7101,80,19
7102,76,19
7103,76,19
7104,74,19
7105,74,19
7106,72,18
7107,72,18
7108,71,18
7109,71,18
7110,69,18
7111,69,18
7112,69,18
7113,69,18
7114,69,18
7115,69,18
7116,68,18
7117,68,18
7118,68,18
7119,68,18
7120,67,18
7121,67,18
7122,67,18
7123,67,18
7124,67,18
7125,67,18
7126,67,17
7127,67,17
7128,66,17
7129,66,17
7130,66,17
7131,66,17
7132,66,17
7133,66,17
7134,66,17
7135,66,17
7136,66,18
7137,66,18
7138,66,18
7139,66,19
7140,66,19
7141,66,19
7142,65,18
7143,65,18
7144,65,18
7145,65,18
7146,65,18
7147,65,18
7148,67,18
7149,67,18
7150,67,18
7151,67,18
7152,68,18
7153,68,18
7154,68,17
7155,68,17
7156,70,17
7157,70,17
7158,70,17
7159,70,17
7160,70,17
7161,70,17
7162,70,17
7163,70,17
7164,70,17
7165,70,17
7166,70,17
7167,70,17
7168,70,17
7169,70,17
7170,70,17
7171,70,17
7172,68,17
7173,68,17
7174,68,17
7175,68,17
7176,65,17
7177,65,17
7178,62,17
7179,62,17
7180,62,17
7181,62,17
7182,62,17
7183,62,17
7184,62,17
7185,62,17
7186,66,17
7187,66,17
7188,66,17
7189,66,17
7190,66,17
7191,66,17
7192,65,17
7193,65,17
7194,65,18
7195,65,18
7196,70,18
7197,70,17
7198,73,17
7199,73,17
7200,73,17
